songName,Artist,Album,Genre,
Standing In the Rain,Action Bronson Mark Ronson & Dan Auerbach,Suicide Squad: The Album,Hip Hop/Rap,
Dream On,Aerosmith,The Essential Aerosmith,Rock,
Me,Atmosphere,When Life Gives You Lemons You Paint That S**t Gold,Hip Hop/Rap,
In Her Music Box,Atmosphere,When Life Gives You Lemons You Paint That S**t Gold,Hip Hop/Rap,
Yesterday,Atmosphere,When Life Gives You Lemons You Paint That S**t Gold (Bonus Video Version),Hip Hop/Rap,
Little Man,Atmosphere,You Can't Imagine How Much Fun We're Having,Hip Hop/Rap,
Critical Acclaim,Avenged Sevenfold,Avenged Sevenfold,Heavy Metal,
Almost Easy,Avenged Sevenfold,Avenged Sevenfold,Heavy Metal,
Scream,Avenged Sevenfold,Avenged Sevenfold,Heavy Metal,
Afterlife,Avenged Sevenfold,Avenged Sevenfold,Heavy Metal,
Gunslinger,Avenged Sevenfold,Avenged Sevenfold,Heavy Metal,
Unbound (The Wild Ride),Avenged Sevenfold,Avenged Sevenfold,Heavy Metal,
Brompton Cocktail,Avenged Sevenfold,Avenged Sevenfold,Heavy Metal,
Lost,Avenged Sevenfold,Avenged Sevenfold,Heavy Metal,
A Little Piece of Heaven,Avenged Sevenfold,Avenged Sevenfold,Heavy Metal,
Dear God,Avenged Sevenfold,Avenged Sevenfold,Heavy Metal,
Almost Easy (Jam-Along Version),Avenged Sevenfold,Avenged Sevenfold,Heavy Metal,
Bat Country (Live At Hammerstein Ballroom),Avenged Sevenfold,Avenged Sevenfold,Heavy Metal,
Shepherd of Fire,Avenged Sevenfold,Hail to the King (Deluxe Version),Heavy Metal,
Hail to the King,Avenged Sevenfold,Hail to the King (Deluxe Version),Heavy Metal,
Doing Time,Avenged Sevenfold,Hail to the King (Deluxe Version),Heavy Metal,
This Means War,Avenged Sevenfold,Hail to the King (Deluxe Version),Heavy Metal,
Requiem,Avenged Sevenfold,Hail to the King (Deluxe Version),Heavy Metal,
Crimson Day,Avenged Sevenfold,Hail to the King (Deluxe Version),Heavy Metal,
Heretic,Avenged Sevenfold,Hail to the King (Deluxe Version),Heavy Metal,
Coming Home,Avenged Sevenfold,Hail to the King (Deluxe Version),Heavy Metal,
Planets,Avenged Sevenfold,Hail to the King (Deluxe Version),Heavy Metal,
Acid Rain,Avenged Sevenfold,Hail to the King (Deluxe Version),Heavy Metal,
Hail to the King,Avenged Sevenfold,Hail to the King (Deluxe Version),Rock,
St. James (Bonus Track),Avenged Sevenfold,Hail to the King (Deluxe Version),Heavy Metal,
All I Want Is You,Ball Park Music,Ball Park Music - EP,Alternative,
It's Nice to Be Alive,Ball Park Music,Ball Park Music - EP,Alternative,
Oblivion,Bastille,Bad Blood,Alternative,
Feeling This,blink-182,Blink-182,Rock,
Feeling This,blink-182,Blink-182,Rock,
Obvious,blink-182,Blink-182,Rock,
I Miss You,blink-182,Blink-182,Rock,
I Miss You,blink-182,Blink-182,Rock,
Violence,blink-182,Blink-182,Rock,
Stockholm Syndrome,blink-182,Blink-182,Rock,
Stockholm Syndrome,blink-182,Blink-182,Rock,
Down,blink-182,Blink-182,Rock,
Down,blink-182,Blink-182,Rock,
The Fallen Interlude,blink-182,Blink-182,Rock,
Go,blink-182,Blink-182,Rock,
Asthenia,blink-182,Blink-182,Rock,
Always,blink-182,Blink-182,Rock,
Always,blink-182,Blink-182,Rock,
Easy Target,blink-182,Blink-182,Rock,
All of This (feat. Robert Smith),blink-182,Blink-182,Rock,
Here's Your Letter,blink-182,Blink-182,Rock,
I'm Lost Without You,blink-182,Blink-182,Rock,
Cynical,blink-182,California,Rock,
Bored To Death,blink-182,California,Rock,
She's Out of Her Mind,blink-182,California,Rock,
Los Angeles,blink-182,California,Rock,
Sober,blink-182,California,Rock,
Built This Pool,blink-182,California,Rock,
No Future,blink-182,California,Rock,
Home Is Such a Lonely Place,blink-182,California,Rock,
Kings of the Weekend,blink-182,California,Rock,
Teenage Satellites,blink-182,California,Rock,
Left Alone,blink-182,California,Rock,
Rabbit Hole,blink-182,California,Rock,
San Diego,blink-182,California,Rock,
The Only Thing That Matters,blink-182,California,Rock,
California,blink-182,California,Rock,
Brohemian Rhapsody,blink-182,California,Rock,
Dumpweed,blink-182,Enema of the State,Rock,
Don't Leave Me,blink-182,Enema of the State,Rock,
Aliens Exist,blink-182,Enema of the State,Rock,
Going Away to College,blink-182,Enema of the State,Rock,
Dysentery Gary,blink-182,Enema of the State,Rock,
The Party Song,blink-182,Enema of the State,Rock,
Mutt,blink-182,Enema of the State,Rock,
Wendy Clear,blink-182,Enema of the State,Rock,
Anthem,blink-182,Enema of the State,Rock,
Carousel,blink-182,Greatest Hits,Pop,
M+M's,blink-182,Greatest Hits,Rock,
Dammit,blink-182,Greatest Hits,Pop,
Josie,blink-182,Greatest Hits,Rock,
What's My Age Again?,blink-182,Greatest Hits,Rock,
What's My Age Again?,blink-182,Greatest Hits,Rock,
All the Small Things,blink-182,Greatest Hits,Rock,
All the Small Things,blink-182,Greatest Hits,Rock,
Adam's Song,blink-182,Greatest Hits,Rock,
Adam's Song,blink-182,Greatest Hits,Rock,
Man Overboard,blink-182,Greatest Hits,Rock,
The Rock Show,blink-182,Greatest Hits,Pop,
The Rock Show,blink-182,Greatest Hits,Pop,
First Date,blink-182,Greatest Hits,Rock,
First Date,blink-182,Greatest Hits,Rock,
Stay Together for the Kids,blink-182,Greatest Hits,Rock,
Stay Together for the Kids,blink-182,Greatest Hits,Rock,
Not Now,blink-182,Greatest Hits,Rock,
Another Girl Another Planet,blink-182,Greatest Hits,Rock,
Snake Charmer,blink-182,Neighborhoods (Deluxe),Rock,
Heart's All Gone Interlude,blink-182,Neighborhoods (Deluxe),Rock,
Fighting the Gravity,blink-182,Neighborhoods (Deluxe),Rock,
Even If She Falls,blink-182,Neighborhoods (Deluxe),Rock,
Anthem Pt. 2,blink-182,Take off Your Pants and Jacket,Pop,
Online Songs,blink-182,Take off Your Pants and Jacket,Rock,
Happy Holidays You Bastard,blink-182,Take off Your Pants and Jacket,Pop,
Story of a Lonely Guy,blink-182,Take off Your Pants and Jacket,Pop,
Roller Coaster,blink-182,Take off Your Pants and Jacket,Pop,
Reckless Abandon,blink-182,Take off Your Pants and Jacket,Pop,
Every Time I Look for You,blink-182,Take off Your Pants and Jacket,Rock,
Give Me One Good Reason,blink-182,Take off Your Pants and Jacket,Pop,
Shut Up,blink-182,Take off Your Pants and Jacket,Pop,
Please Take Me Home,blink-182,Take off Your Pants and Jacket,Rock,
Intro,Bo Burnham,what.,Comedy,
Sad,Bo Burnham,what.,Comedy,
I F--k Sl--ts,Bo Burnham,what.,Comedy,
WDIDLN?,Bo Burnham,what.,Comedy,
Left Brain Right Brain,Bo Burnham,what.,Comedy,
#Deep,Bo Burnham,what.,Comedy,
Beating Off In A Minor,Bo Burnham,what.,Comedy,
Poems,Bo Burnham,what.,Comedy,
From God's Perspective,Bo Burnham,what.,Comedy,
Andy the Frog,Bo Burnham,what.,Comedy,
Out of the Abyss,Bo Burnham,what.,Comedy,
Repeat Stuff,Bo Burnham,what.,Comedy,
We Think We Know You,Bo Burnham,what.,Comedy,
Repeat Stuff (Studio),Bo Burnham,what.,Comedy,
Eff (Studio),Bo Burnham,what.,Comedy,
Nerds (Studio),Bo Burnham,what.,Comedy,
Channel 5 News: The Musical (Studio),Bo Burnham,what.,Comedy,
Hell of a Ride (Studio),Bo Burnham,what.,Comedy,
The Times They Are A-Changin',Bob Dylan,The Times They Are A-Changin',Rock,
Locked Out of Heaven,Bruno Mars,Unorthodox Jukebox,Pop,
Siempre Te Voy A Querer,Calibre 50,Desde El Rancho,Regional Mexicano,
All We Got (feat. Kanye West & Chicago Children's Choir),Chance the Rapper,Coloring Book,Hip Hop/Rap,
No Problem (feat. Lil Wayne & 2 Chainz),Chance the Rapper,Coloring Book,Hip Hop/Rap,
Summer Friends (feat. Jeremih & Francis & The Lights),Chance the Rapper,Coloring Book,Hip Hop/Rap,
D.R.A.M. Sings Special,Chance the Rapper,Coloring Book,Hip Hop/Rap,
Blessings,Chance the Rapper,Coloring Book,Hip Hop/Rap,
Same Drugs,Chance the Rapper,Coloring Book,Hip Hop/Rap,
Mixtape (feat. Young Thug & Lil Yachty),Chance the Rapper,Coloring Book,Hip Hop/Rap,
Angels (feat. Saba),Chance the Rapper,Coloring Book,Hip Hop/Rap,
Juke Jam (feat. Justin Bieber & Towkio),Chance the Rapper,Coloring Book,Hip Hop/Rap,
All Night (feat. Knox Fortune),Chance the Rapper,Coloring Book,Hip Hop/Rap,
How Great (feat. Jay Electronica & My cousin Nicole),Chance the Rapper,Coloring Book,Hip Hop/Rap,
Smoke Break (feat. Future),Chance the Rapper,Coloring Book,Hip Hop/Rap,
Finish Line / Drown (feat. T-Pain Kirk Franklin Eryn Allen Kane & Noname),Chance the Rapper,Coloring Book,Hip Hop/Rap,
Blessings (feat. Ty Dolla Sign Raury BJ The Chicago Kid & Anderson .Paak),Chance the Rapper,Coloring Book,Hip Hop/Rap,
Father's Day,Chino XL,RICANstruction: The Black Rosary,Hip Hop/Rap,
Magic,Coldplay,Ghost Stories,Alternative,
Sparks,Coldplay,Parachutes,Rock,
Yellow,Coldplay,Parachutes,Alternative,
The Scientist,Coldplay,A Rush of Blood to the Head,Alternative,
I Started a Joke (feat. Becky Hanson),ConfidentialMX,Suicide Squad: The Album,Soundtrack,
Fortunate Son,Creedence Clearwater Revival,The Complete Studio Albums,Rock,
The Last Day Of Summer (LP Version),The Cure,Bloodflowers,Rock,
Plainsong,The Cure,Disintegration (Remastered),Alternative,
Pictures of You,The Cure,Disintegration (Remastered),Alternative,
Closedown,The Cure,Disintegration (Remastered),Alternative,
Lovesong,The Cure,Disintegration (Remastered),Alternative,
Last Dance,The Cure,Disintegration (Remastered),Alternative,
Lullaby,The Cure,Disintegration (Remastered),Alternative,
Fascination Street,The Cure,Disintegration (Remastered),Alternative,
Prayers for Rain,The Cure,Disintegration (Remastered),Alternative,
The Same Deep Water As You,The Cure,Disintegration (Remastered),Alternative,
Disintegration,The Cure,Disintegration (Remastered),Alternative,
Homesick,The Cure,Disintegration (Remastered),Alternative,
Untitiled,The Cure,Disintegration (Remastered),Alternative,
Boys Don't Cry,The Cure,Greatest Hits,Alternative,
A Forest,The Cure,Greatest Hits,Alternative,
Let's Go to Bed (Live),The Cure,Greatest Hits,Alternative,
The Walk,The Cure,Greatest Hits,Alternative,
The Lovecats,The Cure,Greatest Hits,Alternative,
In Between Days,The Cure,Greatest Hits,Alternative,
Close to Me,The Cure,Greatest Hits,Alternative,
Why Can't I Be You?,The Cure,Greatest Hits,Alternative,
Just Like Heaven,The Cure,Greatest Hits,Alternative,
Lullaby,The Cure,Greatest Hits,Alternative,
Lovesong,The Cure,Greatest Hits,Alternative,
Never Enough,The Cure,Greatest Hits,Alternative,
High,The Cure,Greatest Hits,Alternative,
Friday I'm In Love,The Cure,Greatest Hits,Alternative,
Mint Car,The Cure,Greatest Hits,Alternative,
Wrong Number (Single Mix),The Cure,Greatest Hits,Alternative,
Cut Here,The Cure,Greatest Hits,Alternative,
Just Say Yes,The Cure,Greatest Hits,Alternative,
Get Lucky (feat. Pharrell Williams & Nile Rodgers),Daft Punk,Random Access Memories,Pop,
I Will Follow You Into the Dark,Death Cab for Cutie,Plans,Alternative,
I Got the Keys (feat. JAY Z & Future),DJ Khaled,Major Key,Hip Hop/Rap,
For Free (feat. Drake),DJ Khaled,Major Key,Hip Hop/Rap,
Nas Album Done (feat. Nas),DJ Khaled,Major Key,Hip Hop/Rap,
Holy Key (feat. Big Sean Kendrick Lamar & Betty Wright),DJ Khaled,Major Key,Hip Hop/Rap,
Jermaine's Interlude (feat. J. Cole),DJ Khaled,Major Key,Hip Hop/Rap,
Ima Be Alright (feat. Bryson Tiller & Future),DJ Khaled,Major Key,Hip Hop/Rap,
Do You Mind (feat. Nicki Minaj Chris Brown August Alsina Jeremih Future & Rick Ross),DJ Khaled,Major Key,Hip Hop/Rap,
Pick These Hoes Apart (feat. Kodak Black Jeezy & French Montana),DJ Khaled,Major Key,Hip Hop/Rap,
F**k Up the Club (feat. Future Rick Ross YG & Yo Gotti),DJ Khaled,Major Key,Hip Hop/Rap,
Work for It (feat. Big Sean Gucci Mane & 2 Chainz),DJ Khaled,Major Key,Hip Hop/Rap,
Don't Ever Play Yourself (feat. Jadakiss Fabolous Fat Joe Busta Rhymes & Kent Jones),DJ Khaled,Major Key,Hip Hop/Rap,
Tourist (feat. Travis Scott & Lil Wayne),DJ Khaled,Major Key,Hip Hop/Rap,
Forgive Me Father (feat. Meghan Trainor Wiz Khalifa & Wale),DJ Khaled,Major Key,Hip Hop/Rap,
The Dreams Song,Don't Hug Me I'm Scared,The Dreams Song - Single,Soundtrack,
The Healthy Song,Don't Hug Me I'm Scared,The Healthy Song - Single,Soundtrack,
I Need a Doctor (feat. Eminem & Skylar Grey),Dr. Dre,I Need a Doctor (feat. Eminem & Skylar Grey) - Single,Hip Hop/Rap,
Legend,Drake,If You're Reading This It's Too Late,Hip Hop/Rap,
Energy,Drake,If You're Reading This It's Too Late,Hip Hop/Rap,
10 Bands,Drake,If You're Reading This It's Too Late,Hip Hop/Rap,
Know Yourself,Drake,If You're Reading This It's Too Late,Hip Hop/Rap,
No Tellin',Drake,If You're Reading This It's Too Late,Hip Hop/Rap,
Madonna,Drake,If You're Reading This It's Too Late,Hip Hop/Rap,
6 God,Drake,If You're Reading This It's Too Late,Hip Hop/Rap,
Star67,Drake,If You're Reading This It's Too Late,Hip Hop/Rap,
Preach (feat. PARTYNEXTDOOR),Drake,If You're Reading This It's Too Late,Hip Hop/Rap,
Wednesday Night Interlude (feat. PARTYNEXTDOOR),Drake,If You're Reading This It's Too Late,Hip Hop/Rap,
Used To (feat. Lil Wayne),Drake,If You're Reading This It's Too Late,Hip Hop/Rap,
6 Man,Drake,If You're Reading This It's Too Late,Hip Hop/Rap,
Now & Forever,Drake,If You're Reading This It's Too Late,Hip Hop/Rap,
Company (feat. Travi$ Scott),Drake,If You're Reading This It's Too Late,Hip Hop/Rap,
You & The 6,Drake,If You're Reading This It's Too Late,Hip Hop/Rap,
Jungle,Drake,If You're Reading This It's Too Late,Hip Hop/Rap,
6PM In New York,Drake,If You're Reading This It's Too Late,Hip Hop/Rap,
Free Smoke,Drake,More Life,Hip Hop/Rap,
No Long Talk (feat. Giggs),Drake,More Life,Hip Hop/Rap,
Passionfruit,Drake,More Life,Hip Hop/Rap,
Jorja Interlude,Drake,More Life,Hip Hop/Rap,
Get It Together (feat. Black Coffee & Jorja Smith),Drake,More Life,Hip Hop/Rap,
Madiba Riddim,Drake,More Life,Hip Hop/Rap,
Blem,Drake,More Life,Hip Hop/Rap,
4422 (feat. Sampha),Drake,More Life,Hip Hop/Rap,
Gyalchester,Drake,More Life,Hip Hop/Rap,
Skepta Interlude,Drake,More Life,Hip Hop/Rap,
Portland (feat. Quavo & Travis Scott),Drake,More Life,Hip Hop/Rap,
Sacrifices (feat. 2 Chainz & Young Thug),Drake,More Life,Hip Hop/Rap,
Nothings Into Somethings,Drake,More Life,Hip Hop/Rap,
Teenage Fever,Drake,More Life,Hip Hop/Rap,
KMT (feat. Giggs),Drake,More Life,Hip Hop/Rap,
Lose You,Drake,More Life,Hip Hop/Rap,
Can't Have Everything,Drake,More Life,Hip Hop/Rap,
Glow (feat. Kanye West),Drake,More Life,Hip Hop/Rap,
Since Way Back (feat. PARTYNEXTDOOR),Drake,More Life,Hip Hop/Rap,
Fake Love,Drake,More Life,Hip Hop/Rap,
Ice Melts (feat. Young Thug),Drake,More Life,Hip Hop/Rap,
Do Not Disturb,Drake,More Life,Hip Hop/Rap,
Keep the Family Close,Drake,Views,Hip Hop/Rap,
9,Drake,Views,Hip Hop/Rap,
U With Me?,Drake,Views,Hip Hop/Rap,
Feel No Ways,Drake,Views,Hip Hop/Rap,
Hype,Drake,Views,Hip Hop/Rap,
Weston Road Flows,Drake,Views,Hip Hop/Rap,
Redemption,Drake,Views,Hip Hop/Rap,
With You (feat. PARTYNEXTDOOR),Drake,Views,Hip Hop/Rap,
Faithful (feat. Pimp C & dvsn),Drake,Views,Hip Hop/Rap,
Still Here,Drake,Views,Hip Hop/Rap,
Controlla,Drake,Views,Hip Hop/Rap,
One Dance (feat. Wizkid & Kyla),Drake,Views,Hip Hop/Rap,
Grammys (feat. Future),Drake,Views,Hip Hop/Rap,
Childs Play,Drake,Views,Hip Hop/Rap,
Pop Style,Drake,Views,Hip Hop/Rap,
Too Good (feat. Rihanna),Drake,Views,Hip Hop/Rap,
Summers Over Interlude,Drake,Views,Hip Hop/Rap,
Fire & Desire,Drake,Views,Hip Hop/Rap,
Views,Drake,Views,Hip Hop/Rap,
Hotline Bling,Drake,Views,Hip Hop/Rap,
Forever,Drake Kanye West Lil Wayne & Eminem,More Than a Game (Music Inspired By the Film),Soundtrack,
Hotel California,Eagles,Hotel California,Rock,
Eraser,Ed Sheeran,÷ (Deluxe),Pop,
Castle on the Hill,Ed Sheeran,÷ (Deluxe),Pop,
Dive,Ed Sheeran,÷ (Deluxe),Pop,
Shape of You,Ed Sheeran,÷ (Deluxe),Pop,
Perfect,Ed Sheeran,÷ (Deluxe),Pop,
Galway Girl,Ed Sheeran,÷ (Deluxe),Pop,
Happier,Ed Sheeran,÷ (Deluxe),Pop,
New Man,Ed Sheeran,÷ (Deluxe),Pop,
Hearts Don't Break Around Here,Ed Sheeran,÷ (Deluxe),Pop,
What Do I Know?,Ed Sheeran,÷ (Deluxe),Pop,
How Would You Feel (Paean),Ed Sheeran,÷ (Deluxe),Pop,
Supermarket Flowers,Ed Sheeran,÷ (Deluxe),Pop,
Barcelona,Ed Sheeran,÷ (Deluxe),Pop,
Bibia Be Ye Ye,Ed Sheeran,÷ (Deluxe),Pop,
Nancy Mulligan,Ed Sheeran,÷ (Deluxe),Pop,
Save Myself,Ed Sheeran,÷ (Deluxe),Pop,
One,Ed Sheeran,x (Wembley Edition),Pop,
I'm a Mess,Ed Sheeran,x (Wembley Edition),Pop,
Sing,Ed Sheeran,x (Wembley Edition),Pop,
Don't,Ed Sheeran,x (Wembley Edition),Pop,
Nina,Ed Sheeran,x (Wembley Edition),Pop,
Photograph,Ed Sheeran,x (Wembley Edition),Pop,
Bloodstream,Ed Sheeran,x (Wembley Edition),Pop,
Tenerife Sea,Ed Sheeran,x (Wembley Edition),Pop,
Runaway,Ed Sheeran,x (Wembley Edition),Pop,
The Man,Ed Sheeran,x (Wembley Edition),Pop,
Thinking Out Loud,Ed Sheeran,x (Wembley Edition),Pop,
Afire Love,Ed Sheeran,x (Wembley Edition),Pop,
Take It Back,Ed Sheeran,x (Wembley Edition),Pop,
Shirtsleeves,Ed Sheeran,x (Wembley Edition),Pop,
Even My Dad Does Sometimes,Ed Sheeran,x (Wembley Edition),Pop,
I See Fire,Ed Sheeran,x (Wembley Edition),Pop,
All of the Stars,Ed Sheeran,x (Wembley Edition),Pop,
English Rose,Ed Sheeran,x (Wembley Edition),Pop,
Touch and Go,Ed Sheeran,x (Wembley Edition),Pop,
New York,Ed Sheeran,x (Wembley Edition),Pop,
Make It Rain,Ed Sheeran,x (Wembley Edition),Pop,
Parting Glass (Live From Wembley Stadium),Ed Sheeran,x (Wembley Edition),Pop,
Small Bump (Live From Wembley Stadium),Ed Sheeran,x (Wembley Edition),Pop,
Campaign Speech,Eminem,Campaign Speech - Single,Hip Hop/Rap,
Without Me,Eminem,Curtain Call: The Hits (Deluxe Version),Hip Hop/Rap,
Crazy In Love,Eminem,Encore (Deluxe Version),Hip Hop/Rap,
Bad Guy,Eminem,The Marshall Mathers LP2 (Deluxe),Hip Hop/Rap,
Parking Lot (Skit),Eminem,The Marshall Mathers LP2 (Deluxe),Hip Hop/Rap,
Rhyme or Reason,Eminem,The Marshall Mathers LP2 (Deluxe),Hip Hop/Rap,
So Much Better,Eminem,The Marshall Mathers LP2 (Deluxe),Hip Hop/Rap,
Survival,Eminem,The Marshall Mathers LP2 (Deluxe),Hip Hop/Rap,
Legacy,Eminem,The Marshall Mathers LP2 (Deluxe),Hip Hop/Rap,
A*****e (feat. Skylar Grey),Eminem,The Marshall Mathers LP2 (Deluxe),Hip Hop/Rap,
Berzerk,Eminem,The Marshall Mathers LP2 (Deluxe),Hip Hop/Rap,
Rap God,Eminem,The Marshall Mathers LP2 (Deluxe),Hip Hop/Rap,
Brainless,Eminem,The Marshall Mathers LP2 (Deluxe),Hip Hop/Rap,
Stronger Than I Was,Eminem,The Marshall Mathers LP2 (Deluxe),Hip Hop/Rap,
The Monster (feat. Rihanna),Eminem,The Marshall Mathers LP2 (Deluxe),Hip Hop/Rap,
So Far...,Eminem,The Marshall Mathers LP2 (Deluxe),Hip Hop/Rap,
Love Game (feat. Kendrick Lamar),Eminem,The Marshall Mathers LP2 (Deluxe),Hip Hop/Rap,
Headlights (feat. Nate Ruess),Eminem,The Marshall Mathers LP2 (Deluxe),Hip Hop/Rap,
Evil Twin,Eminem,The Marshall Mathers LP2 (Deluxe),Hip Hop/Rap,
Baby,Eminem,The Marshall Mathers LP2 (Deluxe),Hip Hop/Rap,
Desperation (feat. Jamie N Commons),Eminem,The Marshall Mathers LP2 (Deluxe),Hip Hop/Rap,
Groundhog Day,Eminem,The Marshall Mathers LP2 (Deluxe),Hip Hop/Rap,
Beautiful Pain (feat. Sia),Eminem,The Marshall Mathers LP2 (Deluxe),Hip Hop/Rap,
Wicked Ways (feat. X Ambassadors),Eminem,The Marshall Mathers LP2 (Deluxe),Hip Hop/Rap,
Cold Wind Blows,Eminem,Recovery,Hip Hop/Rap,
Talkin’ 2 Myself (feat. Kobe),Eminem,Recovery,Hip Hop/Rap,
On Fire,Eminem,Recovery,Hip Hop/Rap,
W.T.P.,Eminem,Recovery,Hip Hop/Rap,
Going Through Changes,Eminem,Recovery,Hip Hop/Rap,
Not Afraid,Eminem,Recovery,Hip Hop/Rap,
Seduction,Eminem,Recovery,Hip Hop/Rap,
No Love (feat. Lil Wayne),Eminem,Recovery,Hip Hop/Rap,
Space Bound,Eminem,Recovery,Hip Hop/Rap,
Cinderella Man,Eminem,Recovery,Hip Hop/Rap,
25 to Life,Eminem,Recovery,Hip Hop/Rap,
So Bad,Eminem,Recovery,Hip Hop/Rap,
Almost Famous,Eminem,Recovery,Hip Hop/Rap,
Love the Way You Lie (feat. Rihanna),Eminem,Recovery,Hip Hop/Rap,
You’re Never Over,Eminem,Recovery,Hip Hop/Rap,
Untitled,Eminem,Recovery,Hip Hop/Rap,
SHADYXV,Eminem,SHADYXV,Hip Hop/Rap,
Die Alone (feat. Kobe),Eminem,SHADYXV,Hip Hop/Rap,
Guts Over Fear (feat. Sia),Eminem,SHADYXV,Hip Hop/Rap,
Kings Never Die (feat. Gwen Stefani),Eminem,Southpaw (Music from and Inspired By the Motion Picture),Hip Hop/Rap,
Phenomenal,Eminem,Southpaw (Music from and Inspired By the Motion Picture),Hip Hop/Rap,
Lose Yourself,Eminem,8 Mile (Music from and Inspired By the Motion Picture),Soundtrack,
Won't Back Down (feat. Pink),Eminem & P!nk,Recovery,Hip Hop/Rap,
Kirby's Dreamland 3 - Canyon,Entertainment System,Super Entertainment System,Music,
Nancy (With the Laughing Face),Frank Sinatra,The Columbia Years (1943-1952): The Complete Recordings Vol. 1,Vocal Jazz,
I've Got the World On a String,Frank Sinatra,Ultimate Sinatra,Jazz,
Young At Heart,Frank Sinatra,Ultimate Sinatra,Jazz,
In the Wee Small Hours of the Morning,Frank Sinatra,Ultimate Sinatra,Jazz,
Learnin' the Blues,Frank Sinatra,Ultimate Sinatra,Easy Listening,
Love and Marriage,Frank Sinatra,Ultimate Sinatra,Easy Listening,
I've Got You Under My Skin,Frank Sinatra,Ultimate Sinatra,Easy Listening,
Witchcraft,Frank Sinatra,Ultimate Sinatra,Jazz,
All the Way,Frank Sinatra,Ultimate Sinatra,Jazz,
Come Fly With Me,Frank Sinatra,Ultimate Sinatra,Easy Listening,
One for My Baby (And One More for the Road),Frank Sinatra,Ultimate Sinatra,Easy Listening,
The Way You Look Tonight,Frank Sinatra,Ultimate Sinatra,Jazz,
My Kind of Town,Frank Sinatra,Ultimate Sinatra,Jazz,
Fly Me to the Moon,Frank Sinatra,Ultimate Sinatra,Jazz,
It Was a Very Good Year,Frank Sinatra,Ultimate Sinatra,Jazz,
Strangers In the Night,Frank Sinatra,Ultimate Sinatra,Jazz,
Summer Wind,Frank Sinatra,Ultimate Sinatra,Jazz,
That's Life,Frank Sinatra,Ultimate Sinatra,Jazz,
My Way,Frank Sinatra,Ultimate Sinatra,Jazz,
Theme from New York New York,Frank Sinatra,Ultimate Sinatra,Jazz,
Put Your Dreams Away,Frank Sinatra,Ultimate Sinatra,Easy Listening,
Just In Time,Frank Sinatra,Ultimate Sinatra,Jazz,
Chicago,Frank Sinatra,Ultimate Sinatra,Easy Listening,
Saturday Night (Is the Loneliest Night In the Week) [78 RPM Version],Frank Sinatra & The Bobby Tucker Singers,The Columbia Years (1943-1952): The Complete Recordings Vol. 1,Vocal Jazz,
How to Save a Life (New Version),The Fray,How to Save a Life,Rock,
Bone Marrow (feat. Danny Seth),G-Eazy,Bone Marrow (feat. Danny Seth) - Single,Hip Hop/Rap,
Marilyn (feat. Dominique Lejeune),G-Eazy,Marilyn (feat. Dominique Lejeune) - Single,Hip Hop/Rap,
Hello,G-Eazy,Must Be Nice,Hip Hop/Rap,
Plastic Dreams (feat. Johanna Fay),G-Eazy,Must Be Nice,Hip Hop/Rap,
Lady Killers (feat. Hoodie Allen),G-Eazy,Must Be Nice,Hip Hop/Rap,
Mad (feat. Devon Baldwin),G-Eazy,Must Be Nice,Hip Hop/Rap,
Interlude,G-Eazy,Must Be Nice,Hip Hop/Rap,
Marilyn (feat. Dominique Le Jeune),G-Eazy,Must Be Nice,Hip Hop/Rap,
Stay High (feat. Mod Sun),G-Eazy,Must Be Nice,Hip Hop/Rap,
Breathe,G-Eazy,Must Be Nice,Hip Hop/Rap,
Must Be Nice (feat. Johanna Fay),G-Eazy,Must Be Nice,Hip Hop/Rap,
Loaded (feat. DJ Carnage) [Bonus Track],G-Eazy,Must Be Nice,Hip Hop/Rap,
Still,G-Eazy,Still - Single,Hip Hop/Rap,
These Things Happen,G-Eazy,These Things Happen,Hip Hop/Rap,
Far Alone (feat. E-40 & Jay Ant),G-Eazy,These Things Happen,Hip Hop/Rap,
I Mean It (feat. Remo),G-Eazy,These Things Happen,Hip Hop/Rap,
Interlude,G-Eazy,These Things Happen,Hip Hop/Rap,
Opportunity Cost,G-Eazy,These Things Happen,Hip Hop/Rap,
Almost Famous,G-Eazy,These Things Happen,Hip Hop/Rap,
Lotta That (feat. A$AP Ferg & Danny Seth),G-Eazy,These Things Happen,Hip Hop/Rap,
Factory Girl (Skit),G-Eazy,These Things Happen,Hip Hop/Rap,
Downtown Love (feat. John Michael Rouchell),G-Eazy,These Things Happen,Hip Hop/Rap,
Complete,G-Eazy,These Things Happen,Hip Hop/Rap,
Let's Get Lost (feat. Devon Baldwin),G-Eazy,These Things Happen,Hip Hop/Rap,
Shoot Me Down (feat. Anthony Stewart),G-Eazy,These Things Happen,Hip Hop/Rap,
Been On,G-Eazy,These Things Happen,Hip Hop/Rap,
Remember You (feat. Blackbear),G-Eazy,These Things Happen,Hip Hop/Rap,
Tumblr Girls (feat. Christoph Andersson),G-Eazy,These Things Happen,Hip Hop/Rap,
Just Believe,G-Eazy,These Things Happen,Hip Hop/Rap,
Intro,G-Eazy,When It's Dark Out,Hip Hop/Rap,
Random,G-Eazy,When It's Dark Out,Hip Hop/Rap,
One of Them (feat. Big Sean),G-Eazy,When It's Dark Out,Hip Hop/Rap,
Drifting (feat. Chris Brown & Tory Lanez),G-Eazy,When It's Dark Out,Hip Hop/Rap,
Of All Things (feat. Too $hort),G-Eazy,When It's Dark Out,Hip Hop/Rap,
Order More (feat. Starrah),G-Eazy,When It's Dark Out,Hip Hop/Rap,
Calm Down,G-Eazy,When It's Dark Out,Hip Hop/Rap,
Don't Let Me GO (feat. Grace),G-Eazy,When It's Dark Out,Hip Hop/Rap,
You Got Me,G-Eazy,When It's Dark Out,Hip Hop/Rap,
What If (feat. Gizzle),G-Eazy,When It's Dark Out,Hip Hop/Rap,
Sad Boy,G-Eazy,When It's Dark Out,Hip Hop/Rap,
Some Kind of Drug (feat. Marc E. Bassy),G-Eazy,When It's Dark Out,Hip Hop/Rap,
Think About You (feat. Quiñ),G-Eazy,When It's Dark Out,Hip Hop/Rap,
Everything Will Be OK (feat. Kehlani),G-Eazy,When It's Dark Out,Hip Hop/Rap,
For This (feat. IAMNOBODI),G-Eazy,When It's Dark Out,Hip Hop/Rap,
Nothing To Me (feat. Keyshia Cole & E-40),G-Eazy,When It's Dark Out,Hip Hop/Rap,
Running - explicit,G-Eazy,,,
Me Myself & I,G-Eazy x Bebe Rexha,,When It's Dark Out,Hip Hop/Rap
Goodnight Moon,Go Radio,,Lucky Street (Deluxe Edition),Alternative
You Don't Own Me (feat. G-Eazy),Grace,,FMA,Pop
Medieval Warfare,Grimes,,Suicide Squad: The Album,Electronic
All or Nothing At All,Harry James and His Orchestra,,An Hour With Harry James: A Collection of His Best Hits,Jazz
Creation & Destruction,Immortal Technique,,Revolutionary Vol. 1 (Bonus Edition),Hip-Hop
Dominant Species,Immortal Technique,,Revolutionary Vol. 1 (Bonus Edition),Hip-Hop
Positive Balance (feat. BigZoo),Immortal Technique,,Revolutionary Vol. 1 (Bonus Edition),Hip-Hop
The Getaway,Immortal Technique,,Revolutionary Vol. 1 (Bonus Edition),Hip-Hop
Beef & Broccoli,Immortal Technique,,Revolutionary Vol. 1 (Bonus Edition),Hip-Hop
No Me Importa,Immortal Technique,,Revolutionary Vol. 1 (Bonus Edition),Hip-Hop
Top of the Food Chain (feat. Poison Pen) [Remix],Immortal Technique,,Revolutionary Vol. 1 (Bonus Edition),Hip-Hop
The Poverty of Philosphy,Immortal Technique,,Revolutionary Vol. 1 (Bonus Edition),Hip-Hop
Revolutionary,Immortal Technique,,Revolutionary Vol. 1 (Bonus Edition),Hip-Hop
Spend Some Time (Remix),Immortal Technique,,Revolutionary Vol. 1 (Bonus Edition),Hip-Hop
Dance With the Devil,Immortal Technique,,Revolutionary Vol. 1 (Bonus Edition),Hip-Hop
The Prophecy,Immortal Technique,,Revolutionary Vol. 1 (Bonus Edition),Hip-Hop
Understand Why,Immortal Technique,,Revolutionary Vol. 1 (Bonus Edition),Hip-Hop
No Mercy,Immortal Technique,,Revolutionary Vol. 1 (Bonus Edition),Hip-Hop
The Illest (feat. Jean Grae PumpkinHead),Immortal Technique,,Revolutionary Vol. 1 (Bonus Edition),Hip-Hop
Speak Your Mind (feat. Diabolic),Immortal Technique,,Revolutionary Vol. 1 (Bonus Edition),Hip-Hop
Caught in the Hustle,Immortal Technique,,Revolutionary Vol. 1 (Bonus Edition),Hip-Hop
Revolutionary Intro,Immortal Technique,,Revolutionary Vol. 2,Hip Hop/Rap
Point of No Return,Immortal Technique,,Revolutionary Vol. 2,Hip Hop/Rap
Peruvian Cocaine (feat. Poison Pen PumpkinHead Diabolic C Rayz Walz Loucipher... Tonedeff),Immortal Technique,,Revolutionary Vol. 2,Hip Hop/Rap
Harlem Streets,Immortal Technique,,Revolutionary Vol. 2,Hip Hop/Rap
Obnoxious,Immortal Technique,,Revolutionary Vol. 2,Hip Hop/Rap
The Message & the Money,Immortal Technique,,Revolutionary Vol. 2,Hip Hop/Rap
Industrial Revolution,Immortal Technique,,Revolutionary Vol. 2,Hip Hop/Rap
Crossing the Boundary,Immortal Technique,,Revolutionary Vol. 2,Hip Hop/Rap
Sierra Maestra,Immortal Technique,,Revolutionary Vol. 2,Hip Hop/Rap
The 4th Branch,Immortal Technique,,Revolutionary Vol. 2,Hip Hop/Rap
Internally Bleeding,Immortal Technique,,Revolutionary Vol. 2,Hip Hop/Rap
Homeland & Hip Hop (feat. Mumia Abu Jamal),Immortal Technique,,Revolutionary Vol. 2,Hip Hop/Rap
The Cause of Death,Immortal Technique,,Revolutionary Vol. 2,Hip Hop/Rap
Freedom of Speech,Immortal Technique,,Revolutionary Vol. 2,Hip Hop/Rap
Leaving the Past,Immortal Technique,,Revolutionary Vol. 2,Hip Hop/Rap
Truth's Razor,Immortal Technique,,Revolutionary Vol. 2,Hip Hop/Rap
You Never Know (feat. Jean Grae),Immortal Technique,,Revolutionary Vol. 2,Hip Hop/Rap
One (feat. Akir) [Remix],Immortal Technique,,Revolutionary Vol. 2,Hip Hop/Rap
Death March Intro (feat. DJ Green Lantern),Immortal Technique,,The 3rd World,Hip-Hop
That's What It Is,Immortal Technique,,The 3rd World,Hip-Hop
Golpe de Estado (feat. Temperamento Veneno),Immortal Technique,,The 3rd World,Hip-Hop
Harlem Renaissance (feat. DJ Green Lantern),Immortal Technique,,The 3rd World,Hip-Hop
Lick Shots (feat. Crooked I Chino XL),Immortal Technique,,The 3rd World,Hip-Hop
Apocrypha (Interlude),Immortal Technique,,The 3rd World,Hip-Hop
The 3rd World (feat. DJ Green Lantern),Immortal Technique,,The 3rd World,Hip-Hop
Hollywood Drive By (feat. PsychoRealm Sick Symphonies),Immortal Technique,,The 3rd World,Hip-Hop
Watchout (Remix),Immortal Technique,,The 3rd World,Hip-Hop
Reverse Pimpology (feat. Mojo),Immortal Technique,,The 3rd World,Hip-Hop
Open Your Eyes,Immortal Technique,,The 3rd World,Hip-Hop
Payback (feat. Diabolic Ras Kass),Immortal Technique,,The 3rd World,Hip-Hop
Adios Uncle Tom,Immortal Technique,,The 3rd World,Hip-Hop
Stronghold Grip (feat. Poison Pen Swave Sevah),Immortal Technique,,The 3rd World,Hip-Hop
Mistakes,Immortal Technique,,The 3rd World,Hip-Hop
Parole (Evil Genius Remix) [Remix] [feat. DJ Green Lantern] [Remix],Immortal Technique,,The 3rd World,Hip-Hop
Crimes of the Heart (feat. Maya Azucena),Immortal Technique,,The 3rd World,Hip-Hop
Rebel Arms (feat. J. Arch Da Circle),Immortal Technique,,The 3rd World,Hip-Hop
The 3rd World (Bonus Album Mix) [Bonus Album Mix],Immortal Technique,,The 3rd World,Hip-Hop
Villuminati,J. Cole,,Born Sinner,Hip Hop/Rap
Kerney Sermon (Skit),J. Cole,,Born Sinner,Hip Hop/Rap
LAnd of the Snakes,J. Cole,,Born Sinner,Hip Hop/Rap
Power Trip (feat. Miguel),J. Cole,,Born Sinner,Hip Hop/Rap
Mo Money (Interlude),J. Cole,,Born Sinner,Hip Hop/Rap
Trouble,J. Cole,,Born Sinner,Hip Hop/Rap
Runaway,J. Cole,,Born Sinner,Hip Hop/Rap
She Knows (feat. Amber Coffman & Cults),J. Cole,,Born Sinner,Hip Hop/Rap
Rich N****z,J. Cole,,Born Sinner,Hip Hop/Rap
Where's Jermaine? (Skit),J. Cole,,Born Sinner,Hip Hop/Rap
Forbidden Fruit (feat. Kendrick Lamar),J. Cole,,Born Sinner,Hip Hop/Rap
Chaining Day,J. Cole,,Born Sinner,Hip Hop/Rap
Ain't That Some S**t (Interlude),J. Cole,,Born Sinner,Hip Hop/Rap
Crooked Smile (feat. TLC),J. Cole,,Born Sinner,Hip Hop/Rap
Let Nas Down,J. Cole,,Born Sinner,Hip Hop/Rap
Born Sinner,J. Cole,,Born Sinner,Hip Hop/Rap
Miss America,J. Cole,,Born Sinner (Deluxe Version),Hip Hop/Rap
New York Times (feat. 50 Cent & Bas),J. Cole,,Born Sinner (Deluxe Version),Hip Hop/Rap
Is She Gon Pop,J. Cole,,Born Sinner (Deluxe Version),Hip Hop/Rap
N****z Know,J. Cole,,Born Sinner (Deluxe Version),Hip Hop/Rap
Sparks Will Fly (feat. Jhene Aiko),J. Cole,,Born Sinner (Deluxe Version),Hip Hop/Rap
Intro,J. Cole,,Cole World - The Sideline Story,Hip Hop/Rap
Dollar and a Dream III,J. Cole,,Cole World - The Sideline Story,Hip Hop/Rap
Can't Get Enough (feat. Trey Songz),J. Cole,,Cole World - The Sideline Story,Hip Hop/Rap
Lights Please,J. Cole,,Cole World - The Sideline Story,Hip Hop/Rap
Interlude,J. Cole,,Cole World - The Sideline Story,Hip Hop/Rap
Sideline Story,J. Cole,,Cole World - The Sideline Story,Hip Hop/Rap
Mr. Nice Watch (feat. Jay-Z),J. Cole,,Cole World - The Sideline Story,Hip Hop/Rap
Cole World,J. Cole,,Cole World - The Sideline Story,Hip Hop/Rap
In the Morning (feat. Drake),J. Cole,,Cole World - The Sideline Story,Hip Hop/Rap
Lost Ones,J. Cole,,Cole World - The Sideline Story,Hip Hop/Rap
Nobody's Perfect (feat. Missy Elliott),J. Cole,,Cole World - The Sideline Story,Hip Hop/Rap
Never Told,J. Cole,,Cole World - The Sideline Story,Hip Hop/Rap
Rise and Shine,J. Cole,,Cole World - The Sideline Story,Hip Hop/Rap
God's Gift,J. Cole,,Cole World - The Sideline Story,Hip Hop/Rap
Breakdown,J. Cole,,Cole World - The Sideline Story,Hip Hop/Rap
Work Out,J. Cole,,Cole World - The Sideline Story,Hip Hop/Rap
Who Dat (Bonus Track),J. Cole,,Cole World - The Sideline Story,Hip Hop/Rap
Daddy's Little Girl (Bonus Track),J. Cole,,Cole World - The Sideline Story,Hip Hop/Rap
everybody dies,J. Cole,,everybody dies - Single,Hip Hop/Rap
False Prophets,J. Cole,,False Prophets - Single,Hip Hop/Rap
Intro,J. Cole,,2014 Forest Hills Drive,Hip Hop/Rap
January 28th,J. Cole,,2014 Forest Hills Drive,Hip Hop/Rap
Wet Dreamz,J. Cole,,2014 Forest Hills Drive,Hip Hop/Rap
03' Adolescence,J. Cole,,2014 Forest Hills Drive,Hip Hop/Rap
A Tale of 2 Citiez,J. Cole,,2014 Forest Hills Drive,Hip Hop/Rap
Fire Squad,J. Cole,,2014 Forest Hills Drive,Hip Hop/Rap
St. Tropez,J. Cole,,2014 Forest Hills Drive,Hip Hop/Rap
G.O.M.D.,J. Cole,,2014 Forest Hills Drive,Hip Hop/Rap
No Role Modelz,J. Cole,,2014 Forest Hills Drive,Hip Hop/Rap
Hello,J. Cole,,2014 Forest Hills Drive,Hip Hop/Rap
Apparently,J. Cole,,2014 Forest Hills Drive,Hip Hop/Rap
Love Yourz,J. Cole,,2014 Forest Hills Drive,Hip Hop/Rap
Note to Self,J. Cole,,2014 Forest Hills Drive,Hip Hop/Rap
For Whom the Bell Tolls,J. Cole,,4 Your Eyez Only,Hip Hop/Rap
Immortal,J. Cole,,4 Your Eyez Only,Hip Hop/Rap
Deja Vu,J. Cole,,4 Your Eyez Only,Hip Hop/Rap
Ville Mentality,J. Cole,,4 Your Eyez Only,Hip Hop/Rap
She's Mine Pt. 1,J. Cole,,4 Your Eyez Only,Hip Hop/Rap
Change,J. Cole,,4 Your Eyez Only,Hip Hop/Rap
Neighbors,J. Cole,,4 Your Eyez Only,Hip Hop/Rap
Foldin Clothes,J. Cole,,4 Your Eyez Only,Hip Hop/Rap
She's Mine Pt. 2,J. Cole,,4 Your Eyez Only,Hip Hop/Rap
4 Your Eyez Only,J. Cole,,4 Your Eyez Only,Hip Hop/Rap
You're Beautiful,James Blunt,,Back To Bedlam,Pop
No Church in the Wild (feat. Frank Ocean & The-Dream),JAY Z & Kanye West,,Watch the Throne (Deluxe),Hip Hop/Rap
Lift Off (feat. Beyoncé),JAY Z & Kanye West,,Watch the Throne (Deluxe),Hip Hop/Rap
Ni**as in Paris,JAY Z & Kanye West,,Watch the Throne (Deluxe),Hip Hop/Rap
Gotta Have It,JAY Z & Kanye West,,Watch the Throne (Deluxe),Hip Hop/Rap
New Day,JAY Z & Kanye West,,Watch the Throne (Deluxe),Hip Hop/Rap
That's My Bitch,JAY Z & Kanye West,,Watch the Throne (Deluxe),Hip Hop/Rap
Who Gon Stop Me,JAY Z & Kanye West,,Watch the Throne (Deluxe),Hip Hop/Rap
Murder to Excellence,JAY Z & Kanye West,,Watch the Throne (Deluxe),Hip Hop/Rap
Made in America (feat. Frank Ocean),JAY Z & Kanye West,,Watch the Throne (Deluxe),Hip Hop/Rap
Why I Love You (feat. Mr Hudson),JAY Z & Kanye West,,Watch the Throne (Deluxe),Hip Hop/Rap
Primetime,JAY Z & Kanye West,,Watch the Throne (Deluxe),Hip Hop/Rap
The Joy (feat. Curtis Mayfield),JAY Z & Kanye West,,Watch the Throne (Deluxe),Hip Hop/Rap
All of Me,John Legend,,Love in the Future (Deluxe Edition),R&B/Soul
Heartbreak Warfare,John Mayer,,Battle Studies (Deluxe Version),Rock
Hurt,Johnny Cash,,Unearthed,Country
Deal with the Devil,Jon Benjamin - Jazz Daredevil,,Well I Should Have...*,Comedy
I Can't Play Piano Pt. 1,Jon Benjamin - Jazz Daredevil,,Well I Should Have...*,Comedy
I Can’t Play Piano Pt. 2,Jon Benjamin - Jazz Daredevil,,Well I Should Have...*,Comedy
It Had to Be You,Jon Benjamin - Jazz Daredevil,,Well I Should Have...*,Comedy
Soft Jazzercise,Jon Benjamin - Jazz Daredevil,,Well I Should Have...*,Comedy
I Can’t Play Piano Pt. 3,Jon Benjamin - Jazz Daredevil,,Well I Should Have...*,Comedy
I Can't Play Piano Pt. 4 (Trill Baby Trill),Jon Benjamin - Jazz Daredevil,,Well I Should Have...*,Comedy
Amy’s Song (The Bum Steer),Jon Benjamin - Jazz Daredevil,,Well I Should Have...*,Comedy
Mirrors,Justin Timberlake,,The 20/20 Experience,Pop
All Day (feat. Theophilus London Allan Kingdom & Paul McCartney),Kanye West,,All Day (feat. Theophilus London Allan Kingdom & Paul McCartney) - Single,Hip Hop/Rap
Fade,Kanye West,,Crowd Pleasers,Hip Hop/Rap
Good Morning,Kanye West,,Graduation,Hip Hop/Rap
Champion,Kanye West,,Graduation,Hip Hop/Rap
Stronger,Kanye West,,Graduation,Hip Hop/Rap
I Wonder,Kanye West,,Graduation,Hip Hop/Rap
Can't Tell Me Nothing,Kanye West,,Graduation,Hip Hop/Rap
Drunk and Hot Girls (feat. Mos Def),Kanye West,,Graduation,Hip Hop/Rap
Flashing Lights,Kanye West,,Graduation,Hip Hop/Rap
The Glory,Kanye West,,Graduation,Hip Hop/Rap
Big Brother,Kanye West,,Graduation,Hip Hop/Rap
Ultralight Beam,Kanye West,,The Life of Pablo,Hip Hop/Rap
Father Stretch My Hands Pt. 1,Kanye West,,The Life of Pablo,Hip Hop/Rap
Pt. 2,Kanye West,,The Life of Pablo,Hip Hop/Rap
Famous,Kanye West,,The Life of Pablo,Hip Hop/Rap
Feedback,Kanye West,,The Life of Pablo,Hip Hop/Rap
Low Lights,Kanye West,,The Life of Pablo,Hip Hop/Rap
Highlights,Kanye West,,The Life of Pablo,Hip Hop/Rap
Freestyle 4,Kanye West,,The Life of Pablo,Hip Hop/Rap
I Love Kanye,Kanye West,,The Life of Pablo,Hip Hop/Rap
Waves,Kanye West,,The Life of Pablo,Hip Hop/Rap
FML,Kanye West,,The Life of Pablo,Hip Hop/Rap
Real Friends,Kanye West,,The Life of Pablo,Hip Hop/Rap
Wolves,Kanye West,,The Life of Pablo,Hip Hop/Rap
Frank's Track,Kanye West,,The Life of Pablo,Hip Hop/Rap
Siiiiiiiiilver Surffffeeeeer Intermission,Kanye West,,The Life of Pablo,Hip Hop/Rap
30 Hours,Kanye West,,The Life of Pablo,Hip Hop/Rap
No More Parties in LA,Kanye West,,The Life of Pablo,Hip Hop/Rap
Facts (Charlie Heat Version),Kanye West,,The Life of Pablo,Hip Hop/Rap
Dark Fantasy,Kanye West,,My Beautiful Dark Twisted Fantasy,Hip Hop/Rap
Power,Kanye West,,My Beautiful Dark Twisted Fantasy,Hip Hop/Rap
All of the Lights (Interlude),Kanye West,,My Beautiful Dark Twisted Fantasy,Hip Hop/Rap
All of the Lights,Kanye West,,My Beautiful Dark Twisted Fantasy,Hip Hop/Rap
Hell of a Life,Kanye West,,My Beautiful Dark Twisted Fantasy,Hip Hop/Rap
Who Will Survive In America,Kanye West,,My Beautiful Dark Twisted Fantasy,Hip Hop/Rap
On Sight,Kanye West,,Yeezus,Hip Hop/Rap
Black Skinhead,Kanye West,,Yeezus,Hip Hop/Rap
I Am a God (feat. God),Kanye West,,Yeezus,Hip Hop/Rap
New Slaves,Kanye West,,Yeezus,Hip Hop/Rap
Hold My Liquor,Kanye West,,Yeezus,Hip Hop/Rap
I'm In It,Kanye West,,Yeezus,Hip Hop/Rap
Blood On the Leaves,Kanye West,,Yeezus,Hip Hop/Rap
Guilt Trip,Kanye West,,Yeezus,Hip Hop/Rap
Send It Up,Kanye West,,Yeezus,Hip Hop/Rap
Bound 2,Kanye West,,Yeezus,Hip Hop/Rap
Lost In the World (feat. Bon Iver),Kanye West & Bon Iver,,My Beautiful Dark Twisted Fantasy,Hip Hop/Rap
Homecoming (feat. Chris Martin),Kanye West & Chris Martin,,Graduation,Hip Hop/Rap
Everything I Am (feat. DJ Premier),Kanye West & DJ Premier,,Graduation,Hip Hop/Rap
H•a•m,Kanye West & JAY Z,,Watch the Throne (Deluxe),Hip Hop/Rap
Blame Game (feat. John Legend),Kanye West & John Legend,,My Beautiful Dark Twisted Fantasy,Hip Hop/Rap
Barry Bonds (feat. Lil Wayne),Kanye West & Lil Wayne,,Graduation,Hip Hop/Rap
Runaway (feat. Pusha T),Kanye West & Pusha T,,My Beautiful Dark Twisted Fantasy,Hip Hop/Rap
Devil In a New Dress (feat. Rick Ross),Kanye West & Rick Ross,,My Beautiful Dark Twisted Fantasy,Hip Hop/Rap
Good Life (feat. T-Pain),Kanye West & T-Pain,,Graduation,Hip Hop/Rap
See Me Now (feat. Beyoncé Charlie Wilson & Big Sean) [Bonus Track],Kanye West Beyoncé Charlie Wilson & Big Sean,,My Beautiful Dark Twisted Fantasy,Hip Hop/Rap
So Appalled (feat. Jay-Z Pusha T Prynce Cy Hi Swizz Beatz & RZA),Kanye West JAY Z Pusha T Prynce Cy Hi Swizz Beatz & RZA,,My Beautiful Dark Twisted Fantasy,Hip Hop/Rap
Monster (feat. Jay-Z Rick Ross Nicki Minaj & Bon Iver),Kanye West JAY Z Rick Ross Nicki Minaj & Bon Iver,,My Beautiful Dark Twisted Fantasy,Hip Hop/Rap
Gorgeous (feat. Kid Cudi & Raekwon),Kanye West Kid Cudi & Raekwon,,My Beautiful Dark Twisted Fantasy,Hip Hop/Rap
Good Night (Bonus Track),Kanye West Mos Def & Al Be Back,,Graduation,Hip Hop/Rap
Gangsta,Kehlani,,Suicide Squad: The Album,R&B/Soul
It G Ma (Remix) [feat. A$AP Ferg Father Dumbfoundead & Waka Flocka Flame],Keith Ape,,It G Ma (Remix) [feat. A$AP Ferg Father Dumbfoundead & Waka Flocka Flame] - Single,Hip-Hop
BLOOD.,Kendrick Lamar,,DAMN.,Hip Hop/Rap
DNA.,Kendrick Lamar,,DAMN.,Hip Hop/Rap
YAH.,Kendrick Lamar,,DAMN.,Hip Hop/Rap
ELEMENT.,Kendrick Lamar,,DAMN.,Hip Hop/Rap
FEEL.,Kendrick Lamar,,DAMN.,Hip Hop/Rap
LOYALTY. (FEAT. RIHANNA.),Kendrick Lamar,,DAMN.,Hip Hop/Rap
PRIDE.,Kendrick Lamar,,DAMN.,Hip Hop/Rap
HUMBLE.,Kendrick Lamar,,DAMN.,Hip Hop/Rap
LUST.,Kendrick Lamar,,DAMN.,Hip Hop/Rap
LOVE. (FEAT. ZACARI.),Kendrick Lamar,,DAMN.,Hip Hop/Rap
XXX. (FEAT. U2.),Kendrick Lamar,,DAMN.,Hip Hop/Rap
FEAR.,Kendrick Lamar,,DAMN.,Hip Hop/Rap
GOD.,Kendrick Lamar,,DAMN.,Hip Hop/Rap
DUCKWORTH.,Kendrick Lamar,,DAMN.,Hip Hop/Rap
Sherane a.k.a. Master Splinter’s Daughter,Kendrick Lamar,,good kid m.A.A.d city (Deluxe Version),Hip Hop/Rap
Bitch Don’t Kill My Vibe,Kendrick Lamar,,good kid m.A.A.d city (Deluxe Version),Hip Hop/Rap
Backseat Freestyle,Kendrick Lamar,,good kid m.A.A.d city (Deluxe Version),Hip Hop/Rap
The Art of Peer Pressure,Kendrick Lamar,,good kid m.A.A.d city (Deluxe Version),Hip Hop/Rap
Money Trees (feat. Jay Rock),Kendrick Lamar,,good kid m.A.A.d city (Deluxe Version),Hip Hop/Rap
Poetic Justice (feat. Drake),Kendrick Lamar,,good kid m.A.A.d city (Deluxe Version),Hip Hop/Rap
Good Kid,Kendrick Lamar,,good kid m.A.A.d city (Deluxe Version),Hip Hop/Rap
m.A.A.d city (feat. MC Eiht),Kendrick Lamar,,good kid m.A.A.d city (Deluxe Version),Hip Hop/Rap
Swimming Pools (Drank) [Extended Version],Kendrick Lamar,,good kid m.A.A.d city (Deluxe Version),Hip Hop/Rap
Sing About Me I'm Dying of Thirst,Kendrick Lamar,,good kid m.A.A.d city (Deluxe Version),Hip Hop/Rap
Real (feat. Anna Wise),Kendrick Lamar,,good kid m.A.A.d city (Deluxe Version),Hip Hop/Rap
Compton (feat. Dr. Dre),Kendrick Lamar,,good kid m.A.A.d city (Deluxe Version),Hip Hop/Rap
The Recipe (feat. Dr. Dre) [Bonus Track],Kendrick Lamar,,good kid m.A.A.d city (Deluxe Version),Hip Hop/Rap
Black Boy Fly (Bonus Track),Kendrick Lamar,,good kid m.A.A.d city (Deluxe Version),Hip Hop/Rap
Now Or Never (feat. Mary J. Blige) [Bonus Track],Kendrick Lamar,,good kid m.A.A.d city (Deluxe Version),Hip Hop/Rap
Collect Calls (Bonus Track),Kendrick Lamar,,good kid m.A.A.d city (Deluxe Version),Hip Hop/Rap
Swimming Pools (Drank) [Bonus Track],Kendrick Lamar,,good kid m.A.A.d city (Deluxe Version),Hip Hop/Rap
Bitch Don’t Kill My Vibe (feat. JAY Z) [Remix],Kendrick Lamar,,good kid m.A.A.d city (Deluxe Version),Hip Hop/Rap
The Heart Part 4,Kendrick Lamar,,The Heart Part 4 - Single,Hip Hop/Rap
Wesley's Theory (feat. George Clinton & Thundercat),Kendrick Lamar,,To Pimp a Butterfly,Hip Hop/Rap
For Free? (Interlude),Kendrick Lamar,,To Pimp a Butterfly,Hip Hop/Rap
King Kunta,Kendrick Lamar,,To Pimp a Butterfly,Hip Hop/Rap
Institutionalized (feat. Bilal Anna Wise & Snoop Dogg),Kendrick Lamar,,To Pimp a Butterfly,Hip Hop/Rap
These Walls (feat. Bilal Anna Wise & Thundercat),Kendrick Lamar,,To Pimp a Butterfly,Hip Hop/Rap
u,Kendrick Lamar,,To Pimp a Butterfly,Hip Hop/Rap
Alright,Kendrick Lamar,,To Pimp a Butterfly,Hip Hop/Rap
For Sale? (Interlude),Kendrick Lamar,,To Pimp a Butterfly,Hip Hop/Rap
Momma,Kendrick Lamar,,To Pimp a Butterfly,Hip Hop/Rap
Hood Politics,Kendrick Lamar,,To Pimp a Butterfly,Hip Hop/Rap
How Much a Dollar Cost (feat. James Fauntleroy & Ronald Isley),Kendrick Lamar,,To Pimp a Butterfly,Hip Hop/Rap
Complexion (A Zulu Love) [feat. Rapsody],Kendrick Lamar,,To Pimp a Butterfly,Hip Hop/Rap
The Blacker the Berry,Kendrick Lamar,,To Pimp a Butterfly,Hip Hop/Rap
You Ain't Gotta Lie (Momma Said),Kendrick Lamar,,To Pimp a Butterfly,Hip Hop/Rap
i,Kendrick Lamar,,To Pimp a Butterfly,Hip Hop/Rap
Mortal Man,Kendrick Lamar,,To Pimp a Butterfly,Hip Hop/Rap
untitled 01 l 08.19.2014.,Kendrick Lamar,,untitled unmastered.,Hip Hop/Rap
untitled 02 l 06.23.2014.,Kendrick Lamar,,untitled unmastered.,Hip Hop/Rap
untitled 03 l 05.28.2013.,Kendrick Lamar,,untitled unmastered.,Hip Hop/Rap
untitled 04 l 08.14.2014.,Kendrick Lamar,,untitled unmastered.,Hip Hop/Rap
untitled 05 l 09.21.2014.,Kendrick Lamar,,untitled unmastered.,Hip Hop/Rap
untitled 06 l 06.30.2014.,Kendrick Lamar,,untitled unmastered.,Hip Hop/Rap
untitled 07 l 2014 - 2016,Kendrick Lamar,,untitled unmastered.,Hip Hop/Rap
untitled 08 l 09.06.2014.,Kendrick Lamar,,untitled unmastered.,Hip Hop/Rap
Know Better,Kevin Gates,,Suicide Squad: The Album,Hip Hop/Rap
Jenny Was a Friend of Mine,The Killers,,Hot Fuss,Alternative
Mr. Brightside,The Killers,,Hot Fuss,Alternative
Smile Like You Mean It,The Killers,,Hot Fuss,Alternative
Somebody Told Me,The Killers,,Hot Fuss,Alternative
All These Things That I've Done,The Killers,,Hot Fuss,Alternative
Andy You're a Star,The Killers,,Hot Fuss,Alternative
On Top,The Killers,,Hot Fuss,Alternative
Change Your Mind,The Killers,,Hot Fuss,Alternative
Believe Me Natalie,The Killers,,Hot Fuss,Alternative
Midnight Show,The Killers,,Hot Fuss,Alternative
Everything Will Be Alright,The Killers,,Hot Fuss,Alternative
Young and Beautiful,Lana Del Rey,,The Great Gatsby (Music From Baz Luhrmann's Film),Soundtrack
Stairway to Heaven,Led Zeppelin,,Led Zeppelin IV (Remastered),Rock
Sucker for Pain (with Logic Ty Dolla $ign & X Ambassadors),Lil Wayne Wiz Khalifa & Imagine Dragons,,Suicide Squad: The Album,Hip Hop/Rap
Black Magic,Little Mix,,Get Weird (Deluxe Edition),Pop
Love Me Like You,Little Mix,,Get Weird (Deluxe Edition),Pop
Weird People,Little Mix,,Get Weird (Deluxe Edition),Pop
Secret Love Song (feat. Jason Derulo),Little Mix,,Get Weird (Deluxe Edition),Pop
Hair,Little Mix,,Get Weird (Deluxe Edition),Pop
Grown,Little Mix,,Get Weird (Deluxe Edition),Pop
I Love You,Little Mix,,Get Weird (Deluxe Edition),Pop
OMG,Little Mix,,Get Weird (Deluxe Edition),Pop
Lightning,Little Mix,,Get Weird (Deluxe Edition),Pop
A.D.I.D.A.S.,Little Mix,,Get Weird (Deluxe Edition),Pop
Love Me Or Leave Me,Little Mix,,Get Weird (Deluxe Edition),Pop
The End,Little Mix,,Get Weird (Deluxe Edition),Pop
I Won't,Little Mix,,Get Weird (Deluxe Edition),Pop
Secret Love Song Pt. II,Little Mix,,Get Weird (Deluxe Edition),Pop
Clued Up,Little Mix,,Get Weird (Deluxe Edition),Pop
The Beginning,Little Mix,,Get Weird (Deluxe Edition),Pop
Hair (Bonus Video),Little Mix,,Get Weird (Deluxe Edition),Pop
Behind the Scenes at the Apple Music Festival 2015,Little Mix,,Get Weird (Deluxe Edition),Pop
Shout Out to My Ex,Little Mix,,Glory Days (Deluxe),Pop
Touch,Little Mix,,Glory Days (Deluxe),Pop
F.U.,Little Mix,,Glory Days (Deluxe),Pop
Oops (feat. Charlie Puth),Little Mix,,Glory Days (Deluxe),Pop
You Gotta Not,Little Mix,,Glory Days (Deluxe),Pop
Down & Dirty,Little Mix,,Glory Days (Deluxe),Pop
Power,Little Mix,,Glory Days (Deluxe),Pop
Your Love,Little Mix,,Glory Days (Deluxe),Pop
Nobody Like You,Little Mix,,Glory Days (Deluxe),Pop
No More Sad Songs,Little Mix,,Glory Days (Deluxe),Pop
Private Show,Little Mix,,Glory Days (Deluxe),Pop
Nothing Else Matters,Little Mix,,Glory Days (Deluxe),Pop
Beep Beep,Little Mix,,Glory Days (Deluxe),Pop
Freak,Little Mix,,Glory Days (Deluxe),Pop
Touch (Acoustic),Little Mix,,Glory Days (Deluxe),Pop
No More Sad Songs (feat. Machine Gun Kelly),Little Mix,,No More Sad Songs (feat. Machine Gun Kelly) - Single,Pop
illuminatro,Logic,,Bobby Tarantino,Hip Hop/Rap
Flexicution,Logic,,Bobby Tarantino,Hip Hop/Rap
The Jam,Logic,,Bobby Tarantino,Hip Hop/Rap
Slave II,Logic,,Bobby Tarantino,Hip Hop/Rap
A Word From Our Sponsor,Logic,,Bobby Tarantino,Hip Hop/Rap
Wrist (feat. Pusha T),Logic,,Bobby Tarantino,Hip Hop/Rap
Super Mario World,Logic,,Bobby Tarantino,Hip Hop/Rap
Studio Ambience At Night: Malibu,Logic,,Bobby Tarantino,Hip Hop/Rap
44 Bars,Logic,,Bobby Tarantino,Hip Hop/Rap
Slave,Logic,,Bobby Tarantino,Hip Hop/Rap
Deeper Than Money,Logic,,Bobby Tarantino,Hip Hop/Rap
Hallelujah,Logic,,Everybody,Hip Hop/Rap
Everybody,Logic,,Everybody,Hip Hop/Rap
Confess (feat. Killer Mike),Logic,,Everybody,Hip Hop/Rap
Killing Spree (feat. Ansel Elgort),Logic,,Everybody,Hip Hop/Rap
Take It Back,Logic,,Everybody,Hip Hop/Rap
America (feat. Black Thought Chuck D Big Lenbo & NO I.D.),Logic,,Everybody,Hip Hop/Rap
Ink Blot (feat. Juicy J),Logic,,Everybody,Hip Hop/Rap
Mos Definitely,Logic,,Everybody,Hip Hop/Rap
Waiting Room,Logic,,Everybody,Hip Hop/Rap
1-800-273-8255 (feat. Alessia Cara & Khalid),Logic,,Everybody,Hip Hop/Rap
Anziety (feat. Lucy Rose),Logic,,Everybody,Hip Hop/Rap
Black SpiderMan (feat. Damian Lemar Hudson),Logic,,Everybody,Hip Hop/Rap
AfricAryaN (feat. Neil deGrasse Tyson),Logic,,Everybody,Hip Hop/Rap
Flexicution,Logic,,Flexicution - Single,Hip Hop/Rap
Contact,Logic,,The Incredible True Story,Hip Hop/Rap
Fade Away,Logic,,The Incredible True Story,Hip Hop/Rap
Upgrade,Logic,,The Incredible True Story,Hip Hop/Rap
White People (Scene),Logic,,The Incredible True Story,Hip Hop/Rap
Like Woah,Logic,,The Incredible True Story,Hip Hop/Rap
Young Jesus (feat. Big Lenbo),Logic,,The Incredible True Story,Hip Hop/Rap
Innermission (feat. Lucy Rose),Logic,,The Incredible True Story,Hip Hop/Rap
I Am the Greatest,Logic,,The Incredible True Story,Hip Hop/Rap
The Cube (Scene),Logic,,The Incredible True Story,Hip Hop/Rap
Lord Willin',Logic,,The Incredible True Story,Hip Hop/Rap
City of Stars,Logic,,The Incredible True Story,Hip Hop/Rap
Stainless (feat. Dria),Logic,,The Incredible True Story,Hip Hop/Rap
Babel (Scene),Logic,,The Incredible True Story,Hip Hop/Rap
Paradise (feat. Jesse Boykins III),Logic,,The Incredible True Story,Hip Hop/Rap
Never Been,Logic,,The Incredible True Story,Hip Hop/Rap
Run It,Logic,,The Incredible True Story,Hip Hop/Rap
Lucidity (Scene),Logic,,The Incredible True Story,Hip Hop/Rap
The Incredible True Story,Logic,,The Incredible True Story,Hip Hop/Rap
Like Woah,Logic,,Like Woah - Single,Hip Hop/Rap
Intro,Logic,,Under Pressure (Deluxe Version),Hip Hop/Rap
Soul Food,Logic,,Under Pressure (Deluxe Version),Hip Hop/Rap
I'm Gone,Logic,,Under Pressure (Deluxe Version),Hip Hop/Rap
Gang Related,Logic,,Under Pressure (Deluxe Version),Hip Hop/Rap
Buried Alive,Logic,,Under Pressure (Deluxe Version),Hip Hop/Rap
Bounce,Logic,,Under Pressure (Deluxe Version),Hip Hop/Rap
Growing Pains III,Logic,,Under Pressure (Deluxe Version),Hip Hop/Rap
Never Enough,Logic,,Under Pressure (Deluxe Version),Hip Hop/Rap
Metropolis,Logic,,Under Pressure (Deluxe Version),Hip Hop/Rap
Nikki,Logic,,Under Pressure (Deluxe Version),Hip Hop/Rap
Under Pressure,Logic,,Under Pressure (Deluxe Version),Hip Hop/Rap
Till the End,Logic,,Under Pressure (Deluxe Version),Hip Hop/Rap
Driving Ms Daisy (feat. Childish Gambino),Logic,,Under Pressure (Deluxe Version),Hip Hop/Rap
Now,Logic,,Under Pressure (Deluxe Version),Hip Hop/Rap
Alright (feat. Big Sean),Logic,,Under Pressure (Deluxe Version),Hip Hop/Rap
Wrist (feat. Pusha T),Logic,,Wrist (feat. Pusha T) - Single,Hip Hop/Rap
Young Jesus (feat. Big Lenbo),Logic,,Young Jesus (feat. Big Lenbo) - Single,Hip Hop/Rap
"Negro y Azul (From ""Breaking Bad"" TV Series)",Los Cuates de Sinaloa,,Mis Favoritas: Los Cuates de Sinaloa,Regional Mexicano
Letting Go (feat. Sarah Green),Lupe Fiasco,,Lasers,Hip Hop/Rap
Words I Never Said (feat. Skylar Grey),Lupe Fiasco,,Lasers,Hip Hop/Rap
Till I Get There,Lupe Fiasco,,Lasers,Hip Hop/Rap
I Don't Wanna Care Right Now (feat. MDMA),Lupe Fiasco,,Lasers,Hip Hop/Rap
Out of My Head (feat. Trey Songz),Lupe Fiasco,,Lasers,Hip Hop/Rap
The Show Goes On,Lupe Fiasco,,Lasers,Hip Hop/Rap
Beautiful Lasers (2 Ways) [feat. MDMA],Lupe Fiasco,,Lasers,Hip Hop/Rap
Coming Up (feat. MDMA),Lupe Fiasco,,Lasers,Hip Hop/Rap
State Run Radio (feat. sELF),Lupe Fiasco,,Lasers,Hip Hop/Rap
Break the Chain (feat. Eric Turner & Sway),Lupe Fiasco,,Lasers,Hip Hop/Rap
All Black Everything,Lupe Fiasco,,Lasers,Hip Hop/Rap
Never Forget You (feat. John Legend),Lupe Fiasco,,Lasers,Hip Hop/Rap
Doors,MAC MILLER,,GO:OD AM,Hip-Hop
Brand Name,MAC MILLER,,GO:OD AM,Hip-Hop
Rush Hour,MAC MILLER,,GO:OD AM,Hip-Hop
Two Matches (feat. Ab-Soul),MAC MILLER,,GO:OD AM,Hip-Hop
100 Grandkids,MAC MILLER,,GO:OD AM,Hip-Hop
Time Flies (feat. Lil B),MAC MILLER,,GO:OD AM,Hip-Hop
Weekend (feat. Miguel),MAC MILLER,,GO:OD AM,Hip-Hop
Clubhouse,MAC MILLER,,GO:OD AM,Hip-Hop
In the Bag,MAC MILLER,,GO:OD AM,Hip-Hop
Break the Law,MAC MILLER,,GO:OD AM,Hip-Hop
Perfect Circle / God Speed,MAC MILLER,,GO:OD AM,Hip-Hop
When In Rome,MAC MILLER,,GO:OD AM,Hip-Hop
ROS,MAC MILLER,,GO:OD AM,Hip-Hop
Cut the Check (feat. Chief Keef),MAC MILLER,,GO:OD AM,Hip-Hop
Ascension,MAC MILLER,,GO:OD AM,Hip-Hop
Jump,MAC MILLER,,GO:OD AM,Hip-Hop
The Festival (feat. Little Dragon),MAC MILLER,,GO:OD AM,Hip-Hop
Rude,MAGIC!,,Don't Kill the Magic,Pop
Don't Wanna Know (feat. Kendrick Lamar),Maroon 5,,Don't Wanna Know (feat. Kendrick Lamar) - Single,Pop
One More Night,Maroon 5,,Overexposed (Deluxe Version),Pop
Payphone (feat. Wiz Khalifa),Maroon 5,,Overexposed (Deluxe Version),Pop
Harder To Breathe,Maroon 5,,Songs About Jane,Pop
Maps,Maroon 5,,V (Deluxe),Pop
Progress,Mavado,,Major Key,Hip Hop/Rap
Without Walls,Memphis May Fire,,Challenger,Rock
Alive In the Lights,Memphis May Fire,,Challenger,Rock
Prove Me Right,Memphis May Fire,,Challenger,Rock
Red In Tooth & Claw,Memphis May Fire,,Challenger,Rock
Vices,Memphis May Fire,,Challenger,Rock
Legacy,Memphis May Fire,,Challenger,Rock
Miles Away (feat. Kellin Quinn),Memphis May Fire,,Challenger,Rock
Jezebel,Memphis May Fire,,Challenger,Rock
Losing Sight (feat. Danny Worsnop),Memphis May Fire,,Challenger,Rock
Generation: Hate,Memphis May Fire,,Challenger,Rock
Vessels,Memphis May Fire,,Challenger,Rock
Hardwired,Metallica,,Hardwired…To Self-Destruct (Deluxe),Heavy Metal
Atlas Rise!,Metallica,,Hardwired…To Self-Destruct (Deluxe),Heavy Metal
Now That We’re Dead,Metallica,,Hardwired…To Self-Destruct (Deluxe),Heavy Metal
Moth Into Flame,Metallica,,Hardwired…To Self-Destruct (Deluxe),Heavy Metal
Dream No More,Metallica,,Hardwired…To Self-Destruct (Deluxe),Heavy Metal
Halo On Fire,Metallica,,Hardwired…To Self-Destruct (Deluxe),Heavy Metal
Confusion,Metallica,,Hardwired…To Self-Destruct (Deluxe),Heavy Metal
ManUNkind,Metallica,,Hardwired…To Self-Destruct (Deluxe),Heavy Metal
Here Comes Revenge,Metallica,,Hardwired…To Self-Destruct (Deluxe),Heavy Metal
Am I Savage?,Metallica,,Hardwired…To Self-Destruct (Deluxe),Heavy Metal
Murder One,Metallica,,Hardwired…To Self-Destruct (Deluxe),Heavy Metal
Spit Out the Bone,Metallica,,Hardwired…To Self-Destruct (Deluxe),Heavy Metal
Lords of Summer,Metallica,,Hardwired…To Self-Destruct (Deluxe),Heavy Metal
Ronnie Rising Medley (A Light In the Black / Tarot Woman / Stargazer / Kill the King),Metallica,,Hardwired…To Self-Destruct (Deluxe),Heavy Metal
When a Blind Man Cries,Metallica,,Hardwired…To Self-Destruct (Deluxe),Heavy Metal
Remember Tomorrow,Metallica,,Hardwired…To Self-Destruct (Deluxe),Heavy Metal
Helpless (Live at Rasputin Music Berkeley CA - April 16th 2016),Metallica,,Hardwired…To Self-Destruct (Deluxe),Heavy Metal
Hit the Lights (Live at Rasputin Music Berkeley CA - April 16th 2016),Metallica,,Hardwired…To Self-Destruct (Deluxe),Heavy Metal
The Four Horsemen (Live at Rasputin Music Berkeley CA - April 16th 2016),Metallica,,Hardwired…To Self-Destruct (Deluxe),Heavy Metal
Ride the Lightning (Live at Rasputin Music Berkeley CA - April 16th 2016),Metallica,,Hardwired…To Self-Destruct (Deluxe),Heavy Metal
Fade To Black (Live at Rasputin Music Berkeley CA - April 16th 2016),Metallica,,Hardwired…To Self-Destruct (Deluxe),Heavy Metal
Jump In the Fire (Live at Rasputin Music Berkeley CA - April 16th 2016),Metallica,,Hardwired…To Self-Destruct (Deluxe),Heavy Metal
For Whom the Bell Tolls (Live at Rasputin Music Berkeley CA - April 16th 2016),Metallica,,Hardwired…To Self-Destruct (Deluxe),Heavy Metal
Creeping Death (Live at Rasputin Music Berkeley CA - April 16th 2016),Metallica,,Hardwired…To Self-Destruct (Deluxe),Heavy Metal
Metal Militia (Live at Rasputin Music Berkeley CA - April 16th 2016),Metallica,,Hardwired…To Self-Destruct (Deluxe),Heavy Metal
Hardwired (Live at U.S. Bank Stadium Minneapolis MN - August 20th 2016),Metallica,,Hardwired…To Self-Destruct (Deluxe),Heavy Metal
Nothing Else Matters,Metallica,,Metallica,Heavy Metal
So What,Miles Davis,,Kind of Blue,Jazz
Freddie Freeloader,Miles Davis,,Kind of Blue,Jazz
Blue In Green,Miles Davis,,Kind of Blue,Jazz
All Blues,Miles Davis,,Kind of Blue,Jazz
Flamenco Sketches,Miles Davis,,Kind of Blue,Jazz
Horn Intro,Modest Mouse,,Good News for People Who Love Bad News,Alternative
The World At Large,Modest Mouse,,Good News for People Who Love Bad News,Alternative
Float On,Modest Mouse,,Good News for People Who Love Bad News,Alternative
Ocean Breathes Salty,Modest Mouse,,Good News for People Who Love Bad News,Alternative
Dig Your Grave,Modest Mouse,,Good News for People Who Love Bad News,Alternative
Bury Me With It,Modest Mouse,,Good News for People Who Love Bad News,Alternative
Dance Hall,Modest Mouse,,Good News for People Who Love Bad News,Alternative
Bukowski,Modest Mouse,,Good News for People Who Love Bad News,Alternative
This Devil's Workday,Modest Mouse,,Good News for People Who Love Bad News,Alternative
The View,Modest Mouse,,Good News for People Who Love Bad News,Alternative
Satin In a Coffin,Modest Mouse,,Good News for People Who Love Bad News,Alternative
Interlude (Milo),Modest Mouse,,Good News for People Who Love Bad News,Alternative
Blame It On the Tetons,Modest Mouse,,Good News for People Who Love Bad News,Alternative
Black Cadillacs,Modest Mouse,,Good News for People Who Love Bad News,Alternative
One Chance,Modest Mouse,,Good News for People Who Love Bad News,Alternative
The Good Times Are Killing Me,Modest Mouse,,Good News for People Who Love Bad News,Alternative
Intro,NF,,Mansion,Hip Hop/Rap
Mansion (feat. Fleurie),NF,,Mansion,Hip Hop/Rap
All I Have,NF,,Mansion,Hip Hop/Rap
Wait,NF,,Mansion,Hip Hop/Rap
Wake Up,NF,,Mansion,Hip Hop/Rap
Face It,NF,,Mansion,Hip Hop/Rap
Motivated,NF,,Mansion,Hip Hop/Rap
Notepad,NF,,Mansion,Hip Hop/Rap
Turn the Music Up,NF,,Mansion,Hip Hop/Rap
Paralyzed,NF,,Mansion,Hip Hop/Rap
I'll Keep On (feat. Jeremiah Carlson),NF,,Mansion,Hip Hop/Rap
Can You Hold Me (feat. Britt Nicole),NF,,Mansion,Hip Hop/Rap
Intro 2,NF,,Therapy Session,Hip Hop/Rap
Therapy Session,NF,,Therapy Session,Hip Hop/Rap
I Just Wanna Know,NF,,Therapy Session,Hip Hop/Rap
How Could You Leave Us,NF,,Therapy Session,Hip Hop/Rap
Breathe,NF,,Therapy Session,Hip Hop/Rap
Real,NF,,Therapy Session,Hip Hop/Rap
Oh Lord,NF,,Therapy Session,Hip Hop/Rap
I Can Feel It,NF,,Therapy Session,Hip Hop/Rap
Got You on My Mind,NF,,Therapy Session,Hip Hop/Rap
Grindin' (feat. Marty),NF,,Therapy Session,Hip Hop/Rap
Wish You Wouldn't,NF,,Therapy Session,Hip Hop/Rap
Statement,NF,,Therapy Session,Hip Hop/Rap
All I Do,NF,,Therapy Session,Hip Hop/Rap
Lost in the Moment (feat. Jonathan Thulin),NF,,Therapy Session,Hip Hop/Rap
The Future Is Now,The Offspring,,Days Go By,Rock
Secrets from the Underground,The Offspring,,Days Go By,Rock
Days Go By,The Offspring,,Days Go By,Rock
Turning into You,The Offspring,,Days Go By,Rock
Hurting as One,The Offspring,,Days Go By,Rock
Cruising California (Bumpin' in My Trunk),The Offspring,,Days Go By,Rock
All I Have Left Is You,The Offspring,,Days Go By,Rock
OC Guns,The Offspring,,Days Go By,Rock
Dirty Magic,The Offspring,,Days Go By,Rock
I Wanna Secret Family (With You),The Offspring,,Days Go By,Rock
Dividing By Zero,The Offspring,,Days Go By,Rock
Slim Pickens Does the Right Thing and Rides the Bomb to Hell,The Offspring,,Days Go By,Rock
Perfect,One Direction,,Made In The A.M.,Pop
Introduction,Panic! At the Disco,,A Fever You Can't Sweat Out,Alternative
The Only Difference Between Martyrdom and Suicide Is Press Coverage,Panic! At the Disco,,A Fever You Can't Sweat Out,Alternative
London Beckoned Songs About Money Written By Machines,Panic! At the Disco,,A Fever You Can't Sweat Out,Alternative
Nails for Breakfast Tacks for Snacks,Panic! At the Disco,,A Fever You Can't Sweat Out,Alternative
Camisado,Panic! At the Disco,,A Fever You Can't Sweat Out,Alternative
Time to Dance,Panic! At the Disco,,A Fever You Can't Sweat Out,Alternative
Lying Is the Most Fun a Girl Can Have Without Taking Her Clothes Off,Panic! At the Disco,,A Fever You Can't Sweat Out,Alternative
Intermission,Panic! At the Disco,,A Fever You Can't Sweat Out,Alternative
But It's Better If You Do,Panic! At the Disco,,A Fever You Can't Sweat Out,Alternative
I Write Sins Not Tragedies,Panic! At the Disco,,A Fever You Can't Sweat Out,Alternative
I Constantly Thank God for Esteban,Panic! At the Disco,,A Fever You Can't Sweat Out,Alternative
There's a Good Reason These Tables Are Numbered Honey You Just Haven't Thought of It Yet,Panic! At the Disco,,A Fever You Can't Sweat Out,Alternative
Build God Then We'll Talk,Panic! At the Disco,,A Fever You Can't Sweat Out,Alternative
Bohemian Rhapsody,Panic! At the Disco,,Suicide Squad: The Album,Alternative
Let Her Go,Passenger,,All the Little Lights,Singer/Songwriter
Lasso,Phoenix,,Wolfgang Amadeus Phoenix,Rock
Stay In One Place,Real Friends,,The Home Inside My Head,Rock
Empty Picture Frames,Real Friends,,The Home Inside My Head,Rock
Keep Lying To Me,Real Friends,,The Home Inside My Head,Rock
Scared To Be Alone,Real Friends,,The Home Inside My Head,Rock
Mokena,Real Friends,,The Home Inside My Head,Rock
Mess,Real Friends,,The Home Inside My Head,Rock
Isolating Everything,Real Friends,,The Home Inside My Head,Rock
Well I’m Sorry,Real Friends,,The Home Inside My Head,Rock
Basement Stairs,Real Friends,,The Home Inside My Head,Rock
Door Without a Key,Real Friends,,The Home Inside My Head,Rock
Eastwick,Real Friends,,The Home Inside My Head,Rock
Colder Quicker,Real Friends,,The Home Inside My Head,Rock
Be My Escape (Acoustic),Relient K,,Apathetic,Rock
Must Have Done Something Right,Relient K,,Five Score and Seven Years Ago,Alternative
Be My Escape,Relient K,,MMHMM,Alternative
Collapse (Post-Amerika),Rise Against,,Appeal To Reason,Rock
Long Forgotten Sons,Rise Against,,Appeal To Reason,Rock
Re-Education (Through Labor),Rise Against,,Appeal To Reason,Rock
The Dirt Whispered,Rise Against,,Appeal To Reason,Rock
Kotov Syndrome,Rise Against,,Appeal To Reason,Rock
From Heads Unworthy,Rise Against,,Appeal To Reason,Rock
The Strength To Go On,Rise Against,,Appeal To Reason,Rock
Audience of One,Rise Against,,Appeal To Reason,Rock
Entertainment,Rise Against,,Appeal To Reason,Rock
Hero of War,Rise Against,,Appeal To Reason,Rock
Savior,Rise Against,,Appeal To Reason,Rock
Hairline Fracture,Rise Against,,Appeal To Reason,Rock
Whereabouts Unknown,Rise Against,,Appeal To Reason,Rock
Elective Amnesia,Rise Against,,Appeal To Reason,Rock
The Great Die-Off,Rise Against,,The Black Market,Alternative
I Don’t Want To Be Here Anymore,Rise Against,,The Black Market,Alternative
Tragedy + Time,Rise Against,,The Black Market,Alternative
The Black Market,Rise Against,,The Black Market,Alternative
The Eco-Terrorist In Me,Rise Against,,The Black Market,Alternative
Sudden Life,Rise Against,,The Black Market,Alternative
A Beautiful Indifference,Rise Against,,The Black Market,Alternative
Methadone,Rise Against,,The Black Market,Alternative
Zero Visibility,Rise Against,,The Black Market,Alternative
Awake Too Long,Rise Against,,The Black Market,Alternative
People Live Here,Rise Against,,The Black Market,Alternative
Bridges,Rise Against,,The Black Market,Alternative
Architects,Rise Against,,Endgame,Rock
Help Is On the Way,Rise Against,,Endgame,Rock
Make It Stop (September's Children),Rise Against,,Endgame,Rock
Disparity By Design,Rise Against,,Endgame,Rock
Satellite,Rise Against,,Endgame,Rock
Midnight Hands,Rise Against,,Endgame,Rock
Survivor Guilt,Rise Against,,Endgame,Rock
Broken Mirrors,Rise Against,,Endgame,Rock
Wait For Me,Rise Against,,Endgame,Rock
A Gentlemen's Coup,Rise Against,,Endgame,Rock
This Is Letting Go,Rise Against,,Endgame,Rock
Endgame,Rise Against,,Endgame,Rock
Historia Calamitatum,Rise Against,,Long Forgotten Songs: B-Sides & Covers 2000-2013,Rock
Death Blossoms,Rise Against,,Long Forgotten Songs: B-Sides & Covers 2000-2013,Rock
Elective Amnesia,Rise Against,,Long Forgotten Songs: B-Sides & Covers 2000-2013,Rock
Grammatizator,Rise Against,,Long Forgotten Songs: B-Sides & Covers 2000-2013,Rock
Blind,Rise Against,,Long Forgotten Songs: B-Sides & Covers 2000-2013,Rock
Everchanging (Acoustic),Rise Against,,Long Forgotten Songs: B-Sides & Covers 2000-2013,Rock
Generation Lost,Rise Against,,Long Forgotten Songs: B-Sides & Covers 2000-2013,Rock
Dirt and Roses,Rise Against,,Long Forgotten Songs: B-Sides & Covers 2000-2013,Rock
Ballad of Hollis Brown,Rise Against,,Long Forgotten Songs: B-Sides & Covers 2000-2013,Rock
Sight Unseen,Rise Against,,Long Forgotten Songs: B-Sides & Covers 2000-2013,Rock
Lanterns,Rise Against,,Long Forgotten Songs: B-Sides & Covers 2000-2013,Rock
Making Christmas,Rise Against,,Long Forgotten Songs: B-Sides & Covers 2000-2013,Rock
Join the Ranks,Rise Against,,Long Forgotten Songs: B-Sides & Covers 2000-2013,Rock
Built To Last,Rise Against,,Long Forgotten Songs: B-Sides & Covers 2000-2013,Rock
Voice of Dissent,Rise Against,,Long Forgotten Songs: B-Sides & Covers 2000-2013,Rock
Little Boxes,Rise Against,,Long Forgotten Songs: B-Sides & Covers 2000-2013,Rock
Give It All,Rise Against,,Long Forgotten Songs: B-Sides & Covers 2000-2013,Rock
Minor Threat,Rise Against,,Long Forgotten Songs: B-Sides & Covers 2000-2013,Rock
Obstructed View,Rise Against,,Long Forgotten Songs: B-Sides & Covers 2000-2013,Rock
But Tonight We Dance,Rise Against,,Long Forgotten Songs: B-Sides & Covers 2000-2013,Rock
Nervous Breakdown,Rise Against,,Long Forgotten Songs: B-Sides & Covers 2000-2013,Rock
Gethsemane,Rise Against,,Long Forgotten Songs: B-Sides & Covers 2000-2013,Rock
Boy's No Good,Rise Against,,Long Forgotten Songs: B-Sides & Covers 2000-2013,Rock
Any Way You Want It,Rise Against,,Long Forgotten Songs: B-Sides & Covers 2000-2013,Rock
Sliver,Rise Against,,Long Forgotten Songs: B-Sides & Covers 2000-2013,Rock
The Ghost of Tom Joad,Rise Against,,Long Forgotten Songs: B-Sides & Covers 2000-2013,Rock
State of the Union,Rise Against,,Siren Song of the Counter-Culture,Rock
The First Drop,Rise Against,,Siren Song of the Counter-Culture,Rock
Life Less Frightening,Rise Against,,Siren Song of the Counter-Culture,Rock
Paper Wings,Rise Against,,Siren Song of the Counter-Culture,Rock
Blood To Bleed,Rise Against,,Siren Song of the Counter-Culture,Rock
To Them These Streets Belong,Rise Against,,Siren Song of the Counter-Culture,Rock
Tip the Scales,Rise Against,,Siren Song of the Counter-Culture,Rock
Anywhere But Here,Rise Against,,Siren Song of the Counter-Culture,Rock
Give It All,Rise Against,,Siren Song of the Counter-Culture,Rock
Dancing For Rain,Rise Against,,Siren Song of the Counter-Culture,Rock
Swing Life Away,Rise Against,,Siren Song of the Counter-Culture,Rock
Rumors of My Demise Have Been Greatly Exaggerated,Rise Against,,Siren Song of the Counter-Culture,Rock
Fix Me (Bonus Track),Rise Against,,Siren Song of the Counter-Culture,Rock
Intro/Chamber the Cartridge,Rise Against,,The Sufferer & the Witness,Rock
Injection,Rise Against,,The Sufferer & the Witness,Rock
Ready To Fall,Rise Against,,The Sufferer & the Witness,Rock
Bricks,Rise Against,,The Sufferer & the Witness,Rock
Under the Knife,Rise Against,,The Sufferer & the Witness,Rock
Prayer of the Refugee,Rise Against,,The Sufferer & the Witness,Rock
Drones,Rise Against,,The Sufferer & the Witness,Rock
The Approaching Curve,Rise Against,,The Sufferer & the Witness,Rock
Worth Dying For,Rise Against,,The Sufferer & the Witness,Rock
Behind Closed Doors,Rise Against,,The Sufferer & the Witness,Rock
Roadside,Rise Against,,The Sufferer & the Witness,Rock
Good Left Undone,Rise Against,,The Sufferer & the Witness,Rock
Survive,Rise Against,,The Sufferer & the Witness,Rock
But Tonight We Dance,Rise Against,,The Sufferer & the Witness,Rock
Alive and Well,Rise Against,,The Unraveling,Alternative
My Life Inside Your Heart,Rise Against,,The Unraveling,Alternative
Great Awakening,Rise Against,,The Unraveling,Alternative
Six Ways 'Til Sunday,Rise Against,,The Unraveling,Alternative
401 Kill,Rise Against,,The Unraveling,Alternative
The Art of Losing,Rise Against,,The Unraveling,Alternative
Remains of Summer Memories,Rise Against,,The Unraveling,Alternative
The Unraveling,Rise Against,,The Unraveling,Alternative
Reception Fades,Rise Against,,The Unraveling,Alternative
Stained Glass and Marble,Rise Against,,The Unraveling,Alternative
Everchanging,Rise Against,,The Unraveling,Alternative
Sometimes Selling Out Is Giving Up,Rise Against,,The Unraveling,Alternative
3 Day Weekend,Rise Against,,The Unraveling,Alternative
1000 Good Intentions,Rise Against,,The Unraveling,Alternative
Weight of Time,Rise Against,,The Unraveling,Alternative
Faint Resemblance,Rise Against,,The Unraveling,Alternative
Join the Ranks,Rise Against,,The Unraveling,Alternative
Gethsemane,Rise Against,,The Unraveling,Alternative
Wolves,Rise Against,,Wolves,Rock
House On Fire,Rise Against,,Wolves,Rock
The Violence,Rise Against,,Wolves,Rock
Welcome To the Breakdown,Rise Against,,Wolves,Rock
Far From Perfect,Rise Against,,Wolves,Rock
B******t,Rise Against,,Wolves,Rock
Politics of Love,Rise Against,,Wolves,Rock
Parts Per Million,Rise Against,,Wolves,Rock
Mourning In Amerika,Rise Against,,Wolves,Rock
How Many Walls,Rise Against,,Wolves,Rock
Miracle,Rise Against,,Wolves,Rock
Intro Vol. 2 (feat. Kevin Hart),Romeo Santos,,Fórmula Vol. 2 (Deluxe Edition),Salsa y Tropical
Inocente,Romeo Santos,,Fórmula Vol. 2 (Deluxe Edition),Salsa y Tropical
Necio (feat. Carlos Santana),Romeo Santos,,Fórmula Vol. 2 (Deluxe Edition),Salsa y Tropical
Amigo,Romeo Santos,,Fórmula Vol. 2 (Deluxe Edition),Salsa y Tropical
Cancioncitas de Amor,Romeo Santos,,Fórmula Vol. 2 (Deluxe Edition),Salsa y Tropical
Eres Mía,Romeo Santos,,Fórmula Vol. 2 (Deluxe Edition),Salsa y Tropical
Odio (feat. Drake),Romeo Santos,,Fórmula Vol. 2 (Deluxe Edition),Salsa y Tropical
Hilito,Romeo Santos,,Fórmula Vol. 2 (Deluxe Edition),Salsa y Tropical
Yo También (feat. Marc Anthony),Romeo Santos,,Fórmula Vol. 2 (Deluxe Edition),Salsa y Tropical
Fui a Jamaica,Romeo Santos,,Fórmula Vol. 2 (Deluxe Edition),Salsa y Tropical
No Tiene la Culpa,Romeo Santos,,Fórmula Vol. 2 (Deluxe Edition),Salsa y Tropical
Animales (feat. Nicki Minaj),Romeo Santos,,Fórmula Vol. 2 (Deluxe Edition),Salsa y Tropical
Propuesta Indecente,Romeo Santos,,Fórmula Vol. 2 (Deluxe Edition),Salsa y Tropical
Obra Maestra,Romeo Santos,,Fórmula Vol. 2 (Deluxe Edition),Salsa y Tropical
7 Días,Romeo Santos,,Fórmula Vol. 2 (Deluxe Edition),Salsa y Tropical
Si Yo Muero,Romeo Santos,,Fórmula Vol. 2 (Deluxe Edition),Salsa y Tropical
Outro,Romeo Santos,,Fórmula Vol. 2 (Deluxe Edition),Salsa y Tropical
Trust (feat. Tego Calderón),Romeo Santos,,Fórmula Vol. 2 (Deluxe Edition),Salsa y Tropical
Mami,Romeo Santos,,Fórmula Vol. 2 (Deluxe Edition),Salsa y Tropical
Lay It All on Me (feat. Ed Sheeran),Rudimental,,x (Wembley Edition),Dance
Colorblind,Say Anything,,All My Friends Are Enemies: Early Rarities,Alternative
Belt,Say Anything,,...Is a Real Boy,Alternative
Woe,Say Anything,,...Is a Real Boy,Alternative
The Writhing South,Say Anything,,...Is a Real Boy,Alternative
Alive With the Glory of Love,Say Anything,,...Is a Real Boy,Alternative
Yellow Cat (Slash) Red Cat,Say Anything,,...Is a Real Boy,Alternative
The Futile,Say Anything,,...Is a Real Boy,Alternative
Spidersong,Say Anything,,...Is a Real Boy,Alternative
An Orgy of Critics,Say Anything,,...Is a Real Boy,Alternative
Every Man Has a Molly,Say Anything,,...Is a Real Boy,Alternative
Slowly Through a Vector,Say Anything,,...Is a Real Boy,Alternative
Chia-Like I Shall Grow,Say Anything,,...Is a Real Boy,Alternative
I Want To Know Your Plans,Say Anything,,...Is a Real Boy,Alternative
Admit It!!!,Say Anything,,...Is a Real Boy,Alternative
Wow I Can Get Sexual Too,Say Anything,,...Is a Real Boy,Alternative
Little Girls,Say Anything,,...Is a Real Boy,Alternative
Most Beautiful Plague,Say Anything,,...Is a Real Boy,Alternative
It's a Metaphor Fool,Say Anything,,...Is a Real Boy,Alternative
Total Revenge,Say Anything,,...Is a Real Boy,Alternative
Metal Now,Say Anything,,...Is a Real Boy,Alternative
I Will Never Write an Obligatory Song About Being On the Road and Missing Someone,Say Anything,,...Is a Real Boy,Alternative
Walk Through Hell,Say Anything,,Punk the Clock Vol. 3,Alternative
I'm Yours,The Script,,The Script,Pop
Purple Lamborghini,Skrillex & Rick Ross,,Suicide Squad: The Album,Dance
Kill for You (feat. Eminem),Skylar Grey,,Natural Causes,Alternative
Wreak Havoc,Skylar Grey,,Suicide Squad: The Album,Pop
Laudate Pueri: Excelsus Super,Studio Orchestra Austin Miskell Margrit Jaenike & Arte Antica,,Pergolesi: Laudate Pueri Mass In G Major Salve Regina & Messa Solenne,Classical
Attack,System Of A Down,,Hypnotize,Heavy Metal
Dreaming,System Of A Down,,Hypnotize,Heavy Metal
Kill Rock 'n Roll,System Of A Down,,Hypnotize,Heavy Metal
Hypnotize,System Of A Down,,Hypnotize,Heavy Metal
Stealing Society,System Of A Down,,Hypnotize,Heavy Metal
Tentative,System Of A Down,,Hypnotize,Heavy Metal
U-Fig,System Of A Down,,Hypnotize,Heavy Metal
Holy Mountains,System Of A Down,,Hypnotize,Heavy Metal
Vicinity of Obscenity,System Of A Down,,Hypnotize,Heavy Metal
She's Like Heroin,System Of A Down,,Hypnotize,Heavy Metal
Lonely Day,System Of A Down,,Hypnotize,Heavy Metal
Soldier Side,System Of A Down,,Hypnotize,Heavy Metal
Soldier Side - Intro,System Of A Down,,Mezmerize,Heavy Metal
B.Y.O.B.,System Of A Down,,Mezmerize,Heavy Metal
Revenga,System Of A Down,,Mezmerize,Heavy Metal
Cigaro,System Of A Down,,Mezmerize,Heavy Metal
Radio/Video,System Of A Down,,Mezmerize,Heavy Metal
This Cocaine Makes Me Feel Like I'm On This Song,System Of A Down,,Mezmerize,Heavy Metal
Violent Pornography,System Of A Down,,Mezmerize,Heavy Metal
Question!,System Of A Down,,Mezmerize,Heavy Metal
Sad Statue,System Of A Down,,Mezmerize,Heavy Metal
Old School Hollywood,System Of A Down,,Mezmerize,Heavy Metal
Lost In Hollywood,System Of A Down,,Mezmerize,Heavy Metal
Chic 'N' Stu,System Of A Down,,Steal This Album!,Heavy Metal
Innervision,System Of A Down,,Steal This Album!,Heavy Metal
Bubbles,System Of A Down,,Steal This Album!,Heavy Metal
Boom!,System Of A Down,,Steal This Album!,Heavy Metal
Nüguns,System Of A Down,,Steal This Album!,Heavy Metal
A.D.D. (American Dream Denial),System Of A Down,,Steal This Album!,Heavy Metal
Mr. Jack,System Of A Down,,Steal This Album!,Heavy Metal
I-E-A-I-A-I-O,System Of A Down,,Steal This Album!,Heavy Metal
36,System Of A Down,,Steal This Album!,Heavy Metal
Pictures,System Of A Down,,Steal This Album!,Heavy Metal
Highway Song,System Of A Down,,Steal This Album!,Heavy Metal
F**k the System,System Of A Down,,Steal This Album!,Heavy Metal
Ego Brain,System Of A Down,,Steal This Album!,Heavy Metal
Thetawaves,System Of A Down,,Steal This Album!,Heavy Metal
Roulette,System Of A Down,,Steal This Album!,Heavy Metal
Streamline,System Of A Down,,Steal This Album!,Heavy Metal
Prison Song,System Of A Down,,Toxicity,Heavy Metal
Needles,System Of A Down,,Toxicity,Heavy Metal
Deer Dance,System Of A Down,,Toxicity,Heavy Metal
Jet Pilot,System Of A Down,,Toxicity,Heavy Metal
X,System Of A Down,,Toxicity,Heavy Metal
Chop Suey!,System Of A Down,,Toxicity,Heavy Metal
Bounce,System Of A Down,,Toxicity,Heavy Metal
Forest,System Of A Down,,Toxicity,Heavy Metal
Atwa,System Of A Down,,Toxicity,Heavy Metal
Science,System Of A Down,,Toxicity,Heavy Metal
Shimmy,System Of A Down,,Toxicity,Heavy Metal
Toxicity,System Of A Down,,Toxicity,Heavy Metal
Psycho,System Of A Down,,Toxicity,Heavy Metal
Aerials,System Of A Down,,Toxicity,Heavy Metal
Fragile (feat. Kendrick Lamar ¡MAYDAY! & Kendall Morgan),Tech N9ne,,Something Else (All Access Edition),Hip Hop/Rap
The Procedure (Intro),Tech N9ne,,Special Effects (Deluxe Version),Hip Hop/Rap
Aw Yeah? (Intervention),Tech N9ne,,Special Effects (Deluxe Version),Hip Hop/Rap
Lacrimosa,Tech N9ne,,Special Effects (Deluxe Version),Hip Hop/Rap
Condolences (Skit),Tech N9ne,,Special Effects (Deluxe Version),Hip Hop/Rap
On the Bible (feat. T.I. & Zuse),Tech N9ne,,Special Effects (Deluxe Version),Hip Hop/Rap
Shroud (feat. Krizz Kaliko),Tech N9ne,,Special Effects (Deluxe Version),Hip Hop/Rap
More Psycho Messages (Skit),Tech N9ne,,Special Effects (Deluxe Version),Hip Hop/Rap
Psycho Bitch III (feat. Hopsin),Tech N9ne,,Special Effects (Deluxe Version),Hip Hop/Rap
Wither (feat. Corey Taylor),Tech N9ne,,Special Effects (Deluxe Version),Hip Hop/Rap
Dead Alive (Skit),Tech N9ne,,Special Effects (Deluxe Version),Hip Hop/Rap
Hood Go Crazy (feat. 2 Chainz & B.o.B),Tech N9ne,,Special Effects (Deluxe Version),Hip Hop/Rap
Bass Ackwards (feat. Lil Wayne Yo Gotti & Big Scoob),Tech N9ne,,Special Effects (Deluxe Version),Hip Hop/Rap
No K (feat. E-40 & Krizz Kaliko),Tech N9ne,,Special Effects (Deluxe Version),Hip Hop/Rap
Countdown (Skit),Tech N9ne,,Special Effects (Deluxe Version),Hip Hop/Rap
Speedom (Wwc2) [feat. Eminem & Krizz Kaliko],Tech N9ne,,Special Effects (Deluxe Version),Hip Hop/Rap
Give It All (feat. Audio Push & Krizz Kaliko),Tech N9ne,,Special Effects (Deluxe Version),Hip Hop/Rap
Yates (feat. Marcus Yates),Tech N9ne,,Special Effects (Deluxe Version),Hip Hop/Rap
M T M D (Skit),Tech N9ne,,Special Effects (Deluxe Version),Hip Hop/Rap
A Certain Comfort (feat. Kate Rose),Tech N9ne,,Special Effects (Deluxe Version),Hip Hop/Rap
Burn It Down (feat. Ryan Bradley),Tech N9ne,,Special Effects (Deluxe Version),Hip Hop/Rap
Life Sentences (feat. Krizz Kaliko Joey Cool & Gee Watts),Tech N9ne,,Special Effects (Deluxe Version),Hip Hop/Rap
Dyin’ Flyin’ (feat. Krizz Kaliko),Tech N9ne,,Special Effects (Deluxe Version),Hip Hop/Rap
Worldly Angel,Tech N9ne,,Special Effects (Deluxe Version),Hip Hop/Rap
Roadkill (feat. Excision),Tech N9ne,,Special Effects (Deluxe Version),Hip Hop/Rap
Anti (Bonus Track) [feat. Krizz Kaliko & Band of Psychos],Tech N9ne,,Special Effects (Deluxe Version),Hip Hop/Rap
Young Dumb Full of Fun (Bonus Track) [feat. Ces Cru & Mackenzie O'Guin],Tech N9ne,,Special Effects (Deluxe Version),Hip Hop/Rap
The Making of Special Effects,Tech N9ne,,Special Effects (Deluxe Version),Hip Hop/Rap
50 Ways to Say Goodbye,Train,,California 37,Pop
Heathens,twenty one pilots,,Suicide Squad: The Album,Alternative
Riptide,Vance Joy,,Dream Your Life Away (Special Edition),Alternative
Compadre No Rajes,Voz de Mando,,Compadre No Rajes - Single,Regional Mexicano
Slippin' Into Darkness,War,,Evolutionary,R&B/Soul
The Hills (feat. Eminem) [Remix],The Weeknd,,The Hills Remixes - Single,R&B/Soul
Starboy (feat. Daft Punk),The Weeknd,,Starboy,R&B/Soul
Party Monster,The Weeknd,,Starboy,R&B/Soul
False Alarm,The Weeknd,,Starboy,R&B/Soul
Reminder,The Weeknd,,Starboy,R&B/Soul
Rockin’,The Weeknd,,Starboy,R&B/Soul
Secrets,The Weeknd,,Starboy,R&B/Soul
True Colors,The Weeknd,,Starboy,R&B/Soul
Stargirl Interlude (feat. Lana Del Rey),The Weeknd,,Starboy,R&B/Soul
Sidewalks (feat. Kendrick Lamar),The Weeknd,,Starboy,R&B/Soul
Six Feet Under,The Weeknd,,Starboy,R&B/Soul
Love To Lay,The Weeknd,,Starboy,R&B/Soul
A Lonely Night,The Weeknd,,Starboy,R&B/Soul
Attention,The Weeknd,,Starboy,R&B/Soul
Ordinary Life,The Weeknd,,Starboy,R&B/Soul
Nothing Without You,The Weeknd,,Starboy,R&B/Soul
All I Know (feat. Future),The Weeknd,,Starboy,R&B/Soul
Die For You,The Weeknd,,Starboy,R&B/Soul
I Feel It Coming (feat. Daft Punk),The Weeknd,,Starboy,R&B/Soul
Grow Up Dude,You Blew It!,,Grow Up Dude,Alternative
Pinball House,You Blew It!,,Grow Up Dude,Alternative
The One With David,You Blew It!,,Grow Up Dude,Alternative
Terry V. Tori,You Blew It!,,Grow Up Dude,Alternative
Medal of Honor,You Blew It!,,Grow Up Dude,Alternative
The One With Marc,You Blew It!,,Grow Up Dude,Alternative
I Am I'm Trying,You Blew It!,,Grow Up Dude,Alternative
The Fifties,You Blew It!,,Grow Up Dude,Alternative
Good For Bond Bad For You,You Blew It!,,Grow Up Dude,Alternative
I'm Bill Paxton,You Blew It!,,Grow Up Dude,Alternative
A Noble Black Eye,You Blew It!,,Grow Up Dude,Alternative
There's Nothing I Love More Than Baseball,You Blew It!,,Grow Up Dude,Alternative
Keep Ya Head Up,2Pac,,Greatest Hits,Hip Hop/Rap
2 of Amerikaz Most Wanted,2Pac,,Greatest Hits,Hip Hop/Rap
Temptations,2Pac,,Greatest Hits,Hip Hop/Rap
God Bless the Dead,2Pac,,Greatest Hits,Hip Hop/Rap
Hail Mary,2Pac,,Greatest Hits,Hip Hop/Rap
Me Against the World,2Pac,,Greatest Hits,Hip Hop/Rap
How Do U Want It,2Pac,,Greatest Hits,Hip Hop/Rap
So Many Tears,2Pac,,Greatest Hits,Hip Hop/Rap
Unconditional Love,2Pac,,Greatest Hits,Hip Hop/Rap
Trapped,2Pac,,Greatest Hits,Hip Hop/Rap
Life Goes On,2Pac,,Greatest Hits,Hip Hop/Rap
Hit 'Em Up,2Pac,,Greatest Hits,Hip Hop/Rap
Troublesome '96,2Pac,,Greatest Hits,Hip Hop/Rap
Brenda's Got a Baby,2Pac,,Greatest Hits,Hip Hop/Rap
I Ain't Mad At Cha,2Pac,,Greatest Hits,Hip Hop/Rap
I Get Around,2Pac,,Greatest Hits,Hip Hop/Rap
Changes,2Pac,,Greatest Hits,Hip Hop/Rap
California Love,2Pac,,Greatest Hits,Hip Hop/Rap
Picture Me Rollin',2Pac,,Greatest Hits,Hip Hop/Rap
How Long Will They Mourn Me?,2Pac,,Greatest Hits,Hip Hop/Rap
Toss It Up,2Pac,,Greatest Hits,Hip Hop/Rap
Dear Mama,2Pac,,Greatest Hits,Hip Hop/Rap
All About U,2Pac,,Greatest Hits,Hip Hop/Rap
To Live and Die In L.A.,2Pac,,Greatest Hits,Hip Hop/Rap
Heartz of Men,2Pac,,Greatest Hits,Hip Hop/Rap
